Country Name,Country Code,Series Name,Series Code,2020 [YR2020]
United States,USA,"Population, total",SP.POP.TOTL,331577720
United States,USA,Urban population,SP.URB.TOTL,265253727
United States,USA,"Life expectancy at birth, total (years)",SP.DYN.LE00.IN,76.9804878048781
United States,USA,"Mortality rate, infant (per 1,000 live births)",SP.DYN.IMRT.IN,5.5
United States,USA,"Fertility rate, total (births per woman)",SP.DYN.TFRT.IN,1.6415
United States,USA,Current health expenditure (% of GDP),SH.XPD.CHEX.GD.ZS,18.8132534
United States,USA,"School enrollment, secondary (% gross)",SE.SEC.ENRR,100.509819030762
United States,USA,"Primary completion rate, total (% of relevant age group)",SE.PRM.CMPT.ZS,100.923667907715
United States,USA,"Government expenditure on education, total (% of GDP)",SE.XPD.TOTL.GD.ZS,5.39531993865967
United States,USA,GDP (current US$),NY.GDP.MKTP.CD,21060473613000
United States,USA,GDP per capita (current US$),NY.GDP.PCAP.CD,63515.9491807833
United States,USA,GDP growth (annual %),NY.GDP.MKTP.KD.ZG,-2.16302914036166
United States,USA,"Inflation, consumer prices (annual %)",FP.CPI.TOTL.ZG,1.23358439630629
United States,USA,"Unemployment, total (% of total labor force) (modeled ILO estimate)",SL.UEM.TOTL.ZS,8.055
United States,USA,Exports of goods and services (% of GDP),NE.EXP.GNFS.ZS,10.2141055302392
United States,USA,Imports of goods and services (% of GDP),NE.IMP.GNFS.ZS,13.1874574667002
United States,USA,Individuals using the Internet (% of population),IT.NET.USER.ZS,90.3447
United States,USA,Access to electricity (% of population),EG.ELC.ACCS.ZS,100
United States,USA,Energy use (kg of oil equivalent per capita),EG.USE.PCAP.KG.OE,6141.53125755889
United States,USA,Carbon dioxide (CO2) emissions from Industrial Combustion (Energy) (Mt CO2e),EN.GHG.CO2.IC.MT.CE.AR5,437.4557
Canada,CAN,"Population, total",SP.POP.TOTL,38028638
Canada,CAN,Urban population,SP.URB.TOTL,31164845
Canada,CAN,"Life expectancy at birth, total (years)",SP.DYN.LE00.IN,81.5351219512195
Canada,CAN,"Mortality rate, infant (per 1,000 live births)",SP.DYN.IMRT.IN,4.5
Canada,CAN,"Fertility rate, total (births per woman)",SP.DYN.TFRT.IN,1.41
Canada,CAN,Current health expenditure (% of GDP),SH.XPD.CHEX.GD.ZS,13.02419472
Canada,CAN,"School enrollment, secondary (% gross)",SE.SEC.ENRR,109.628059387207
Canada,CAN,"Primary completion rate, total (% of relevant age group)",SE.PRM.CMPT.ZS,..
Canada,CAN,"Government expenditure on education, total (% of GDP)",SE.XPD.TOTL.GD.ZS,4.88794994354248
Canada,CAN,GDP (current US$),NY.GDP.MKTP.CD,1655684730000.19
Canada,CAN,GDP per capita (current US$),NY.GDP.PCAP.CD,43537.839298904
Canada,CAN,GDP growth (annual %),NY.GDP.MKTP.KD.ZG,-5.03823343468899
Canada,CAN,"Inflation, consumer prices (annual %)",FP.CPI.TOTL.ZG,0.716999632307827
Canada,CAN,"Unemployment, total (% of total labor force) (modeled ILO estimate)",SL.UEM.TOTL.ZS,9.657
Canada,CAN,Exports of goods and services (% of GDP),NE.EXP.GNFS.ZS,29.4736472349344
Canada,CAN,Imports of goods and services (% of GDP),NE.IMP.GNFS.ZS,31.6831237283418
Canada,CAN,Individuals using the Internet (% of population),IT.NET.USER.ZS,92.3
Canada,CAN,Access to electricity (% of population),EG.ELC.ACCS.ZS,100
Canada,CAN,Energy use (kg of oil equivalent per capita),EG.USE.PCAP.KG.OE,7495.07932297849
Canada,CAN,Carbon dioxide (CO2) emissions from Industrial Combustion (Energy) (Mt CO2e),EN.GHG.CO2.IC.MT.CE.AR5,62.5624
Mexico,MEX,"Population, total",SP.POP.TOTL,126799054
Mexico,MEX,Urban population,SP.URB.TOTL,99762910
Mexico,MEX,"Life expectancy at birth, total (years)",SP.DYN.LE00.IN,70.449
Mexico,MEX,"Mortality rate, infant (per 1,000 live births)",SP.DYN.IMRT.IN,11.8
Mexico,MEX,"Fertility rate, total (births per woman)",SP.DYN.TFRT.IN,1.99
Mexico,MEX,Current health expenditure (% of GDP),SH.XPD.CHEX.GD.ZS,6.0537405
Mexico,MEX,"School enrollment, secondary (% gross)",SE.SEC.ENRR,102.58154296875
Mexico,MEX,"Primary completion rate, total (% of relevant age group)",SE.PRM.CMPT.ZS,102.597717285156
Mexico,MEX,"Government expenditure on education, total (% of GDP)",SE.XPD.TOTL.GD.ZS,4.49967002868652
Mexico,MEX,GDP (current US$),NY.GDP.MKTP.CD,1121064767308.42
Mexico,MEX,GDP per capita (current US$),NY.GDP.PCAP.CD,8841.27075039868
Mexico,MEX,GDP growth (annual %),NY.GDP.MKTP.KD.ZG,-8.35403458167995
Mexico,MEX,"Inflation, consumer prices (annual %)",FP.CPI.TOTL.ZG,3.39683415570006
Mexico,MEX,"Unemployment, total (% of total labor force) (modeled ILO estimate)",SL.UEM.TOTL.ZS,4.44
Mexico,MEX,Exports of goods and services (% of GDP),NE.EXP.GNFS.ZS,39.2353720904115
Mexico,MEX,Imports of goods and services (% of GDP),NE.IMP.GNFS.ZS,37.6191836151901
Mexico,MEX,Individuals using the Internet (% of population),IT.NET.USER.ZS,71.4902
Mexico,MEX,Access to electricity (% of population),EG.ELC.ACCS.ZS,99.4
Mexico,MEX,Energy use (kg of oil equivalent per capita),EG.USE.PCAP.KG.OE,1366.42722558757
Mexico,MEX,Carbon dioxide (CO2) emissions from Industrial Combustion (Energy) (Mt CO2e),EN.GHG.CO2.IC.MT.CE.AR5,50.8289
Brazil,BRA,"Population, total",SP.POP.TOTL,208660842
Brazil,BRA,Urban population,SP.URB.TOTL,181349681
Brazil,BRA,"Life expectancy at birth, total (years)",SP.DYN.LE00.IN,74.506
Brazil,BRA,"Mortality rate, infant (per 1,000 live births)",SP.DYN.IMRT.IN,12.8
Brazil,BRA,"Fertility rate, total (births per woman)",SP.DYN.TFRT.IN,1.653
Brazil,BRA,Current health expenditure (% of GDP),SH.XPD.CHEX.GD.ZS,9.62326527
Brazil,BRA,"School enrollment, secondary (% gross)",SE.SEC.ENRR,104.125999450684
Brazil,BRA,"Primary completion rate, total (% of relevant age group)",SE.PRM.CMPT.ZS,..
Brazil,BRA,"Government expenditure on education, total (% of GDP)",SE.XPD.TOTL.GD.ZS,5.77150011062622
Brazil,BRA,GDP (current US$),NY.GDP.MKTP.CD,1476107292151.95
Brazil,BRA,GDP per capita (current US$),NY.GDP.PCAP.CD,7074.19407495707
Brazil,BRA,GDP growth (annual %),NY.GDP.MKTP.KD.ZG,-3.27675879612903
Brazil,BRA,"Inflation, consumer prices (annual %)",FP.CPI.TOTL.ZG,3.21176803803376
Brazil,BRA,"Unemployment, total (% of total labor force) (modeled ILO estimate)",SL.UEM.TOTL.ZS,13.697
Brazil,BRA,Exports of goods and services (% of GDP),NE.EXP.GNFS.ZS,16.4535520099709
Brazil,BRA,Imports of goods and services (% of GDP),NE.IMP.GNFS.ZS,15.8485265343782
Brazil,BRA,Individuals using the Internet (% of population),IT.NET.USER.ZS,81.3427
Brazil,BRA,Access to electricity (% of population),EG.ELC.ACCS.ZS,99.7
Brazil,BRA,Energy use (kg of oil equivalent per capita),EG.USE.PCAP.KG.OE,1379.24649914162
Brazil,BRA,Carbon dioxide (CO2) emissions from Industrial Combustion (Energy) (Mt CO2e),EN.GHG.CO2.IC.MT.CE.AR5,78.5424
Argentina,ARG,"Population, total",SP.POP.TOTL,45191965
Argentina,ARG,Urban population,SP.URB.TOTL,41551256
Argentina,ARG,"Life expectancy at birth, total (years)",SP.DYN.LE00.IN,75.878
Argentina,ARG,"Mortality rate, infant (per 1,000 live births)",SP.DYN.IMRT.IN,8.7
Argentina,ARG,"Fertility rate, total (births per woman)",SP.DYN.TFRT.IN,1.601
Argentina,ARG,Current health expenditure (% of GDP),SH.XPD.CHEX.GD.ZS,10.45030594
Argentina,ARG,"School enrollment, secondary (% gross)",SE.SEC.ENRR,112.376731872559
Argentina,ARG,"Primary completion rate, total (% of relevant age group)",SE.PRM.CMPT.ZS,99.8427784444202
Argentina,ARG,"Government expenditure on education, total (% of GDP)",SE.XPD.TOTL.GD.ZS,5.27689981460571
Argentina,ARG,GDP (current US$),NY.GDP.MKTP.CD,385740508436.965
Argentina,ARG,GDP per capita (current US$),NY.GDP.PCAP.CD,8535.59938004389
Argentina,ARG,GDP growth (annual %),NY.GDP.MKTP.KD.ZG,-9.9004848136464
Argentina,ARG,"Inflation, consumer prices (annual %)",FP.CPI.TOTL.ZG,42.0150947376509
Argentina,ARG,"Unemployment, total (% of total labor force) (modeled ILO estimate)",SL.UEM.TOTL.ZS,11.461
Argentina,ARG,Exports of goods and services (% of GDP),NE.EXP.GNFS.ZS,16.6054144372484
Argentina,ARG,Imports of goods and services (% of GDP),NE.IMP.GNFS.ZS,13.5982843701675
Argentina,ARG,Individuals using the Internet (% of population),IT.NET.USER.ZS,85.5144
Argentina,ARG,Access to electricity (% of population),EG.ELC.ACCS.ZS,100
Argentina,ARG,Energy use (kg of oil equivalent per capita),EG.USE.PCAP.KG.OE,1623.92450833523
Argentina,ARG,Carbon dioxide (CO2) emissions from Industrial Combustion (Energy) (Mt CO2e),EN.GHG.CO2.IC.MT.CE.AR5,19.9692
Chile,CHL,"Population, total",SP.POP.TOTL,19370624
Chile,CHL,Urban population,SP.URB.TOTL,17103360
Chile,CHL,"Life expectancy at birth, total (years)",SP.DYN.LE00.IN,79.349
Chile,CHL,"Mortality rate, infant (per 1,000 live births)",SP.DYN.IMRT.IN,5.9
Chile,CHL,"Fertility rate, total (births per woman)",SP.DYN.TFRT.IN,1.307
Chile,CHL,Current health expenditure (% of GDP),SH.XPD.CHEX.GD.ZS,9.68910599
Chile,CHL,"School enrollment, secondary (% gross)",SE.SEC.ENRR,103.691688537598
Chile,CHL,"Primary completion rate, total (% of relevant age group)",SE.PRM.CMPT.ZS,97.9685821533203
Chile,CHL,"Government expenditure on education, total (% of GDP)",SE.XPD.TOTL.GD.ZS,5.62993001937866
Chile,CHL,GDP (current US$),NY.GDP.MKTP.CD,254042159309.311
Chile,CHL,GDP per capita (current US$),NY.GDP.PCAP.CD,13114.815470545
Chile,CHL,GDP growth (annual %),NY.GDP.MKTP.KD.ZG,-6.14347479224092
Chile,CHL,"Inflation, consumer prices (annual %)",FP.CPI.TOTL.ZG,3.04549084804326
Chile,CHL,"Unemployment, total (% of total labor force) (modeled ILO estimate)",SL.UEM.TOTL.ZS,10.934
Chile,CHL,Exports of goods and services (% of GDP),NE.EXP.GNFS.ZS,31.3303902428612
Chile,CHL,Imports of goods and services (% of GDP),NE.IMP.GNFS.ZS,26.8524733201136
Chile,CHL,Individuals using the Internet (% of population),IT.NET.USER.ZS,87.4593
Chile,CHL,Access to electricity (% of population),EG.ELC.ACCS.ZS,100
Chile,CHL,Energy use (kg of oil equivalent per capita),EG.USE.PCAP.KG.OE,1946.16760616995
Chile,CHL,Carbon dioxide (CO2) emissions from Industrial Combustion (Energy) (Mt CO2e),EN.GHG.CO2.IC.MT.CE.AR5,13.9628
Colombia,COL,"Population, total",SP.POP.TOTL,50629997
Colombia,COL,Urban population,SP.URB.TOTL,39308245
Colombia,COL,"Life expectancy at birth, total (years)",SP.DYN.LE00.IN,74.757
Colombia,COL,"Mortality rate, infant (per 1,000 live births)",SP.DYN.IMRT.IN,12
Colombia,COL,"Fertility rate, total (births per woman)",SP.DYN.TFRT.IN,1.694
Colombia,COL,Current health expenditure (% of GDP),SH.XPD.CHEX.GD.ZS,8.71432114
Colombia,COL,"School enrollment, secondary (% gross)",SE.SEC.ENRR,101.499450683594
Colombia,COL,"Primary completion rate, total (% of relevant age group)",SE.PRM.CMPT.ZS,99.6276016235352
Colombia,COL,"Government expenditure on education, total (% of GDP)",SE.XPD.TOTL.GD.ZS,5.26166009902954
Colombia,COL,GDP (current US$),NY.GDP.MKTP.CD,270348342541.465
Colombia,COL,GDP per capita (current US$),NY.GDP.PCAP.CD,5339.68711357943
Colombia,COL,GDP growth (annual %),NY.GDP.MKTP.KD.ZG,-7.18591413760859
Colombia,COL,"Inflation, consumer prices (annual %)",FP.CPI.TOTL.ZG,2.52663500084706
Colombia,COL,"Unemployment, total (% of total labor force) (modeled ILO estimate)",SL.UEM.TOTL.ZS,15.983
Colombia,COL,Exports of goods and services (% of GDP),NE.EXP.GNFS.ZS,13.5222755593302
Colombia,COL,Imports of goods and services (% of GDP),NE.IMP.GNFS.ZS,20.5332954086799
Colombia,COL,Individuals using the Internet (% of population),IT.NET.USER.ZS,69.7953
Colombia,COL,Access to electricity (% of population),EG.ELC.ACCS.ZS,99.7
Colombia,COL,Energy use (kg of oil equivalent per capita),EG.USE.PCAP.KG.OE,810.052298592826
Colombia,COL,Carbon dioxide (CO2) emissions from Industrial Combustion (Energy) (Mt CO2e),EN.GHG.CO2.IC.MT.CE.AR5,13.9024
Peru,PER,"Population, total",SP.POP.TOTL,32838579
Peru,PER,Urban population,SP.URB.TOTL,27428996
Peru,PER,"Life expectancy at birth, total (years)",SP.DYN.LE00.IN,73.832
Peru,PER,"Mortality rate, infant (per 1,000 live births)",SP.DYN.IMRT.IN,14.1
Peru,PER,"Fertility rate, total (births per woman)",SP.DYN.TFRT.IN,2.056
Peru,PER,Current health expenditure (% of GDP),SH.XPD.CHEX.GD.ZS,6.36273861
Peru,PER,"School enrollment, secondary (% gross)",SE.SEC.ENRR,100.138702392578
Peru,PER,"Primary completion rate, total (% of relevant age group)",SE.PRM.CMPT.ZS,..
Peru,PER,"Government expenditure on education, total (% of GDP)",SE.XPD.TOTL.GD.ZS,4.25937986373901
Peru,PER,GDP (current US$),NY.GDP.MKTP.CD,201409694755.934
Peru,PER,GDP per capita (current US$),NY.GDP.PCAP.CD,6133.32552410183
Peru,PER,GDP growth (annual %),NY.GDP.MKTP.KD.ZG,-10.9333065010382
Peru,PER,"Inflation, consumer prices (annual %)",FP.CPI.TOTL.ZG,2.00241205759292
Peru,PER,"Unemployment, total (% of total labor force) (modeled ILO estimate)",SL.UEM.TOTL.ZS,7.179
Peru,PER,Exports of goods and services (% of GDP),NE.EXP.GNFS.ZS,23.0114431429931
Peru,PER,Imports of goods and services (% of GDP),NE.IMP.GNFS.ZS,21.2345240547509
Peru,PER,Individuals using the Internet (% of population),IT.NET.USER.ZS,65.2518
Peru,PER,Access to electricity (% of population),EG.ELC.ACCS.ZS,96.2
Peru,PER,Energy use (kg of oil equivalent per capita),EG.USE.PCAP.KG.OE,666.666363333809
Peru,PER,Carbon dioxide (CO2) emissions from Industrial Combustion (Energy) (Mt CO2e),EN.GHG.CO2.IC.MT.CE.AR5,6.5236
Ecuador,ECU,"Population, total",SP.POP.TOTL,17546065
Ecuador,ECU,Urban population,SP.URB.TOTL,11067600
Ecuador,ECU,"Life expectancy at birth, total (years)",SP.DYN.LE00.IN,72.004
Ecuador,ECU,"Mortality rate, infant (per 1,000 live births)",SP.DYN.IMRT.IN,11.5
Ecuador,ECU,"Fertility rate, total (births per woman)",SP.DYN.TFRT.IN,1.967
Ecuador,ECU,Current health expenditure (% of GDP),SH.XPD.CHEX.GD.ZS,8.6576252
Ecuador,ECU,"School enrollment, secondary (% gross)",SE.SEC.ENRR,93.9849491291463
Ecuador,ECU,"Primary completion rate, total (% of relevant age group)",SE.PRM.CMPT.ZS,95.3761817748471
Ecuador,ECU,"Government expenditure on education, total (% of GDP)",SE.XPD.TOTL.GD.ZS,4.26103019714355
Ecuador,ECU,GDP (current US$),NY.GDP.MKTP.CD,95865473000
Ecuador,ECU,GDP per capita (current US$),NY.GDP.PCAP.CD,5463.64515348598
Ecuador,ECU,GDP growth (annual %),NY.GDP.MKTP.KD.ZG,-9.24509619165865
Ecuador,ECU,"Inflation, consumer prices (annual %)",FP.CPI.TOTL.ZG,-0.338872392562139
Ecuador,ECU,"Unemployment, total (% of total labor force) (modeled ILO estimate)",SL.UEM.TOTL.ZS,6.127
Ecuador,ECU,Exports of goods and services (% of GDP),NE.EXP.GNFS.ZS,23.2835621642424
Ecuador,ECU,Imports of goods and services (% of GDP),NE.IMP.GNFS.ZS,20.7057487735965
Ecuador,ECU,Individuals using the Internet (% of population),IT.NET.USER.ZS,70.7
Ecuador,ECU,Access to electricity (% of population),EG.ELC.ACCS.ZS,98.9
Ecuador,ECU,Energy use (kg of oil equivalent per capita),EG.USE.PCAP.KG.OE,785.425200484029
Ecuador,ECU,Carbon dioxide (CO2) emissions from Industrial Combustion (Energy) (Mt CO2e),EN.GHG.CO2.IC.MT.CE.AR5,3.4769
Bolivia,BOL,"Population, total",SP.POP.TOTL,11816299
Bolivia,BOL,Urban population,SP.URB.TOTL,8276640
Bolivia,BOL,"Life expectancy at birth, total (years)",SP.DYN.LE00.IN,62.906
Bolivia,BOL,"Mortality rate, infant (per 1,000 live births)",SP.DYN.IMRT.IN,22.2
Bolivia,BOL,"Fertility rate, total (births per woman)",SP.DYN.TFRT.IN,2.651
Bolivia,BOL,Current health expenditure (% of GDP),SH.XPD.CHEX.GD.ZS,8.0225811
Bolivia,BOL,"School enrollment, secondary (% gross)",SE.SEC.ENRR,88.8672369779995
Bolivia,BOL,"Primary completion rate, total (% of relevant age group)",SE.PRM.CMPT.ZS,92.1121793096985
Bolivia,BOL,"Government expenditure on education, total (% of GDP)",SE.XPD.TOTL.GD.ZS,8.43710994720459
Bolivia,BOL,GDP (current US$),NY.GDP.MKTP.CD,42313784081.042
Bolivia,BOL,GDP per capita (current US$),NY.GDP.PCAP.CD,3580.96761778303
Bolivia,BOL,GDP growth (annual %),NY.GDP.MKTP.KD.ZG,-12.7194690092717
Bolivia,BOL,"Inflation, consumer prices (annual %)",FP.CPI.TOTL.ZG,0.940742153381849
Bolivia,BOL,"Unemployment, total (% of total labor force) (modeled ILO estimate)",SL.UEM.TOTL.ZS,7.903
Bolivia,BOL,Exports of goods and services (% of GDP),NE.EXP.GNFS.ZS,16.8717531697786
Bolivia,BOL,Imports of goods and services (% of GDP),NE.IMP.GNFS.ZS,20.64468107487
Bolivia,BOL,Individuals using the Internet (% of population),IT.NET.USER.ZS,59.9401
Bolivia,BOL,Access to electricity (% of population),EG.ELC.ACCS.ZS,97.2
Bolivia,BOL,Energy use (kg of oil equivalent per capita),EG.USE.PCAP.KG.OE,657.745469205531
Bolivia,BOL,Carbon dioxide (CO2) emissions from Industrial Combustion (Energy) (Mt CO2e),EN.GHG.CO2.IC.MT.CE.AR5,1.8411
Costa Rica,CRI,"Population, total",SP.POP.TOTL,5034320
Costa Rica,CRI,Urban population,SP.URB.TOTL,3902663
Costa Rica,CRI,"Life expectancy at birth, total (years)",SP.DYN.LE00.IN,79.725
Costa Rica,CRI,"Mortality rate, infant (per 1,000 live births)",SP.DYN.IMRT.IN,8.2
Costa Rica,CRI,"Fertility rate, total (births per woman)",SP.DYN.TFRT.IN,1.448
Costa Rica,CRI,Current health expenditure (% of GDP),SH.XPD.CHEX.GD.ZS,7.82545757
Costa Rica,CRI,"School enrollment, secondary (% gross)",SE.SEC.ENRR,132.678680419922
Costa Rica,CRI,"Primary completion rate, total (% of relevant age group)",SE.PRM.CMPT.ZS,98.6216735839844
Costa Rica,CRI,"Government expenditure on education, total (% of GDP)",SE.XPD.TOTL.GD.ZS,6.62898015975952
Costa Rica,CRI,GDP (current US$),NY.GDP.MKTP.CD,62395610760.0492
Costa Rica,CRI,GDP per capita (current US$),NY.GDP.PCAP.CD,12394.0493969492
Costa Rica,CRI,GDP growth (annual %),NY.GDP.MKTP.KD.ZG,-4.27335432161462
Costa Rica,CRI,"Inflation, consumer prices (annual %)",FP.CPI.TOTL.ZG,0.724911478131376
Costa Rica,CRI,"Unemployment, total (% of total labor force) (modeled ILO estimate)",SL.UEM.TOTL.ZS,16.432
Costa Rica,CRI,Exports of goods and services (% of GDP),NE.EXP.GNFS.ZS,31.9064976578059
Costa Rica,CRI,Imports of goods and services (% of GDP),NE.IMP.GNFS.ZS,28.2333885931474
Costa Rica,CRI,Individuals using the Internet (% of population),IT.NET.USER.ZS,80.5302
Costa Rica,CRI,Access to electricity (% of population),EG.ELC.ACCS.ZS,99.9
Costa Rica,CRI,Energy use (kg of oil equivalent per capita),EG.USE.PCAP.KG.OE,948.979659241415
Costa Rica,CRI,Carbon dioxide (CO2) emissions from Industrial Combustion (Energy) (Mt CO2e),EN.GHG.CO2.IC.MT.CE.AR5,1.1034
Panama,PAN,"Population, total",SP.POP.TOTL,4293261
Panama,PAN,Urban population,SP.URB.TOTL,2824378
Panama,PAN,"Life expectancy at birth, total (years)",SP.DYN.LE00.IN,76.33
Panama,PAN,"Mortality rate, infant (per 1,000 live births)",SP.DYN.IMRT.IN,12.2
Panama,PAN,"Fertility rate, total (births per woman)",SP.DYN.TFRT.IN,2.184
Panama,PAN,Current health expenditure (% of GDP),SH.XPD.CHEX.GD.ZS,10.21630001
Panama,PAN,"School enrollment, secondary (% gross)",SE.SEC.ENRR,..
Panama,PAN,"Primary completion rate, total (% of relevant age group)",SE.PRM.CMPT.ZS,87.4795583246611
Panama,PAN,"Government expenditure on education, total (% of GDP)",SE.XPD.TOTL.GD.ZS,4.30487012863159
Panama,PAN,GDP (current US$),NY.GDP.MKTP.CD,57059846521.5327
Panama,PAN,GDP per capita (current US$),NY.GDP.PCAP.CD,13290.5608397749
Panama,PAN,GDP growth (annual %),NY.GDP.MKTP.KD.ZG,-17.8212299459324
Panama,PAN,"Inflation, consumer prices (annual %)",FP.CPI.TOTL.ZG,-1.5502754080376
Panama,PAN,"Unemployment, total (% of total labor force) (modeled ILO estimate)",SL.UEM.TOTL.ZS,14.663
Panama,PAN,Exports of goods and services (% of GDP),NE.EXP.GNFS.ZS,36.2690881640488
Panama,PAN,Imports of goods and services (% of GDP),NE.IMP.GNFS.ZS,32.4313353159158
Panama,PAN,Individuals using the Internet (% of population),IT.NET.USER.ZS,70.0097
Panama,PAN,Access to electricity (% of population),EG.ELC.ACCS.ZS,95.3
Panama,PAN,Energy use (kg of oil equivalent per capita),EG.USE.PCAP.KG.OE,936.065449427601
Panama,PAN,Carbon dioxide (CO2) emissions from Industrial Combustion (Energy) (Mt CO2e),EN.GHG.CO2.IC.MT.CE.AR5,1.2825
Dominican Republic,DOM,"Population, total",SP.POP.TOTL,11008300
Dominican Republic,DOM,Urban population,SP.URB.TOTL,8065163
Dominican Republic,DOM,"Life expectancy at birth, total (years)",SP.DYN.LE00.IN,72.636
Dominican Republic,DOM,"Mortality rate, infant (per 1,000 live births)",SP.DYN.IMRT.IN,30.4
Dominican Republic,DOM,"Fertility rate, total (births per woman)",SP.DYN.TFRT.IN,2.329
Dominican Republic,DOM,Current health expenditure (% of GDP),SH.XPD.CHEX.GD.ZS,4.93967104
Dominican Republic,DOM,"School enrollment, secondary (% gross)",SE.SEC.ENRR,80.0444119218853
Dominican Republic,DOM,"Primary completion rate, total (% of relevant age group)",SE.PRM.CMPT.ZS,97.0056636814455
Dominican Republic,DOM,"Government expenditure on education, total (% of GDP)",SE.XPD.TOTL.GD.ZS,4.51769850778985
Dominican Republic,DOM,GDP (current US$),NY.GDP.MKTP.CD,78546672406.8291
Dominican Republic,DOM,GDP per capita (current US$),NY.GDP.PCAP.CD,7135.22273255899
Dominican Republic,DOM,GDP growth (annual %),NY.GDP.MKTP.KD.ZG,-7.92905234231061
Dominican Republic,DOM,"Inflation, consumer prices (annual %)",FP.CPI.TOTL.ZG,3.78103179915517
Dominican Republic,DOM,"Unemployment, total (% of total labor force) (modeled ILO estimate)",SL.UEM.TOTL.ZS,6.126
Dominican Republic,DOM,Exports of goods and services (% of GDP),NE.EXP.GNFS.ZS,18.7972072415048
Dominican Republic,DOM,Imports of goods and services (% of GDP),NE.IMP.GNFS.ZS,25.9359541051708
Dominican Republic,DOM,Individuals using the Internet (% of population),IT.NET.USER.ZS,81.6173
Dominican Republic,DOM,Access to electricity (% of population),EG.ELC.ACCS.ZS,100
Dominican Republic,DOM,Energy use (kg of oil equivalent per capita),EG.USE.PCAP.KG.OE,842.611820450654
Dominican Republic,DOM,Carbon dioxide (CO2) emissions from Industrial Combustion (Energy) (Mt CO2e),EN.GHG.CO2.IC.MT.CE.AR5,4.1255
United Kingdom,GBR,"Population, total",SP.POP.TOTL,66744000
United Kingdom,GBR,Urban population,SP.URB.TOTL,55330777
United Kingdom,GBR,"Life expectancy at birth, total (years)",SP.DYN.LE00.IN,80.331756097561
United Kingdom,GBR,"Mortality rate, infant (per 1,000 live births)",SP.DYN.IMRT.IN,3.9
United Kingdom,GBR,"Fertility rate, total (births per woman)",SP.DYN.TFRT.IN,1.571
United Kingdom,GBR,Current health expenditure (% of GDP),SH.XPD.CHEX.GD.ZS,11.96547699
United Kingdom,GBR,"School enrollment, secondary (% gross)",SE.SEC.ENRR,114.566833496094
United Kingdom,GBR,"Primary completion rate, total (% of relevant age group)",SE.PRM.CMPT.ZS,99.5503768920898
United Kingdom,GBR,"Government expenditure on education, total (% of GDP)",SE.XPD.TOTL.GD.ZS,5.43935012817383
United Kingdom,GBR,GDP (current US$),NY.GDP.MKTP.CD,2724001478304.59
United Kingdom,GBR,GDP per capita (current US$),NY.GDP.PCAP.CD,40812.6794663879
United Kingdom,GBR,GDP growth (annual %),NY.GDP.MKTP.KD.ZG,-10.047896637362
United Kingdom,GBR,"Inflation, consumer prices (annual %)",FP.CPI.TOTL.ZG,0.989486703772491
United Kingdom,GBR,"Unemployment, total (% of total labor force) (modeled ILO estimate)",SL.UEM.TOTL.ZS,4.472
United Kingdom,GBR,Exports of goods and services (% of GDP),NE.EXP.GNFS.ZS,29.9486520576829
United Kingdom,GBR,Imports of goods and services (% of GDP),NE.IMP.GNFS.ZS,29.2112372453782
United Kingdom,GBR,Individuals using the Internet (% of population),IT.NET.USER.ZS,94.8182
United Kingdom,GBR,Access to electricity (% of population),EG.ELC.ACCS.ZS,100
United Kingdom,GBR,Energy use (kg of oil equivalent per capita),EG.USE.PCAP.KG.OE,2317.4085386833
United Kingdom,GBR,Carbon dioxide (CO2) emissions from Industrial Combustion (Energy) (Mt CO2e),EN.GHG.CO2.IC.MT.CE.AR5,32.2185
Ireland,IRL,"Population, total",SP.POP.TOTL,5039747
Ireland,IRL,Urban population,SP.URB.TOTL,3198795
Ireland,IRL,"Life expectancy at birth, total (years)",SP.DYN.LE00.IN,82.4560975609756
Ireland,IRL,"Mortality rate, infant (per 1,000 live births)",SP.DYN.IMRT.IN,3.1
Ireland,IRL,"Fertility rate, total (births per woman)",SP.DYN.TFRT.IN,1.63
Ireland,IRL,Current health expenditure (% of GDP),SH.XPD.CHEX.GD.ZS,7.06342745
Ireland,IRL,"School enrollment, secondary (% gross)",SE.SEC.ENRR,135.224670410156
Ireland,IRL,"Primary completion rate, total (% of relevant age group)",SE.PRM.CMPT.ZS,98.976432800293
Ireland,IRL,"Government expenditure on education, total (% of GDP)",SE.XPD.TOTL.GD.ZS,3.19163990020752
Ireland,IRL,GDP (current US$),NY.GDP.MKTP.CD,436009027818.948
Ireland,IRL,GDP per capita (current US$),NY.GDP.PCAP.CD,86514.0706108754
Ireland,IRL,GDP growth (annual %),NY.GDP.MKTP.KD.ZG,7.15369505735335
Ireland,IRL,"Inflation, consumer prices (annual %)",FP.CPI.TOTL.ZG,-0.326183651280033
Ireland,IRL,"Unemployment, total (% of total labor force) (modeled ILO estimate)",SL.UEM.TOTL.ZS,5.623
Ireland,IRL,Exports of goods and services (% of GDP),NE.EXP.GNFS.ZS,139.811889906845
Ireland,IRL,Imports of goods and services (% of GDP),NE.IMP.GNFS.ZS,118.968547119407
Ireland,IRL,Individuals using the Internet (% of population),IT.NET.USER.ZS,91.9999
Ireland,IRL,Access to electricity (% of population),EG.ELC.ACCS.ZS,100
Ireland,IRL,Energy use (kg of oil equivalent per capita),EG.USE.PCAP.KG.OE,2633.97691248454
Ireland,IRL,Carbon dioxide (CO2) emissions from Industrial Combustion (Energy) (Mt CO2e),EN.GHG.CO2.IC.MT.CE.AR5,4.0637
France,FRA,"Population, total",SP.POP.TOTL,67601110
France,FRA,Urban population,SP.URB.TOTL,53210127
France,FRA,"Life expectancy at birth, total (years)",SP.DYN.LE00.IN,82.1756097560976
France,FRA,"Mortality rate, infant (per 1,000 live births)",SP.DYN.IMRT.IN,3.3
France,FRA,"Fertility rate, total (births per woman)",SP.DYN.TFRT.IN,1.83
France,FRA,Current health expenditure (% of GDP),SH.XPD.CHEX.GD.ZS,12.07226849
France,FRA,"School enrollment, secondary (% gross)",SE.SEC.ENRR,104.566566467285
France,FRA,"Primary completion rate, total (% of relevant age group)",SE.PRM.CMPT.ZS,..
France,FRA,"Government expenditure on education, total (% of GDP)",SE.XPD.TOTL.GD.ZS,5.65872001647949
France,FRA,GDP (current US$),NY.GDP.MKTP.CD,2647926055110.05
France,FRA,GDP per capita (current US$),NY.GDP.PCAP.CD,39169.8606000707
France,FRA,GDP growth (annual %),NY.GDP.MKTP.KD.ZG,-7.44064589948231
France,FRA,"Inflation, consumer prices (annual %)",FP.CPI.TOTL.ZG,0.476498852725066
France,FRA,"Unemployment, total (% of total labor force) (modeled ILO estimate)",SL.UEM.TOTL.ZS,8.009
France,FRA,Exports of goods and services (% of GDP),NE.EXP.GNFS.ZS,28.5572228192655
France,FRA,Imports of goods and services (% of GDP),NE.IMP.GNFS.ZS,30.2816679047993
France,FRA,Individuals using the Internet (% of population),IT.NET.USER.ZS,84.7064
France,FRA,Access to electricity (% of population),EG.ELC.ACCS.ZS,100
France,FRA,Energy use (kg of oil equivalent per capita),EG.USE.PCAP.KG.OE,3228.48915727036
France,FRA,Carbon dioxide (CO2) emissions from Industrial Combustion (Energy) (Mt CO2e),EN.GHG.CO2.IC.MT.CE.AR5,34.1589
Germany,DEU,"Population, total",SP.POP.TOTL,83160871
Germany,DEU,Urban population,SP.URB.TOTL,67751166
Germany,DEU,"Life expectancy at birth, total (years)",SP.DYN.LE00.IN,81.0414634146342
Germany,DEU,"Mortality rate, infant (per 1,000 live births)",SP.DYN.IMRT.IN,3.1
Germany,DEU,"Fertility rate, total (births per woman)",SP.DYN.TFRT.IN,1.53
Germany,DEU,Current health expenditure (% of GDP),SH.XPD.CHEX.GD.ZS,12.6902256
Germany,DEU,"School enrollment, secondary (% gross)",SE.SEC.ENRR,101.307800292969
Germany,DEU,"Primary completion rate, total (% of relevant age group)",SE.PRM.CMPT.ZS,98.3834915161133
Germany,DEU,"Government expenditure on education, total (% of GDP)",SE.XPD.TOTL.GD.ZS,5.51600980758667
Germany,DEU,GDP (current US$),NY.GDP.MKTP.CD,3941398957073.94
Germany,DEU,GDP per capita (current US$),NY.GDP.PCAP.CD,47394.8734504469
Germany,DEU,GDP growth (annual %),NY.GDP.MKTP.KD.ZG,-4.13191443239947
Germany,DEU,"Inflation, consumer prices (annual %)",FP.CPI.TOTL.ZG,0.144877925813982
Germany,DEU,"Unemployment, total (% of total labor force) (modeled ILO estimate)",SL.UEM.TOTL.ZS,3.881
Germany,DEU,Exports of goods and services (% of GDP),NE.EXP.GNFS.ZS,39.1198068808828
Germany,DEU,Imports of goods and services (% of GDP),NE.IMP.GNFS.ZS,33.8137258311309
Germany,DEU,Individuals using the Internet (% of population),IT.NET.USER.ZS,89.8129
Germany,DEU,Access to electricity (% of population),EG.ELC.ACCS.ZS,100
Germany,DEU,Energy use (kg of oil equivalent per capita),EG.USE.PCAP.KG.OE,3349.19931383762
Germany,DEU,Carbon dioxide (CO2) emissions from Industrial Combustion (Energy) (Mt CO2e),EN.GHG.CO2.IC.MT.CE.AR5,93.3577
Netherlands,NLD,"Population, total",SP.POP.TOTL,17441500
Netherlands,NLD,Urban population,SP.URB.TOTL,16439177
Netherlands,NLD,"Life expectancy at birth, total (years)",SP.DYN.LE00.IN,81.3585365853659
Netherlands,NLD,"Mortality rate, infant (per 1,000 live births)",SP.DYN.IMRT.IN,3.5
Netherlands,NLD,"Fertility rate, total (births per woman)",SP.DYN.TFRT.IN,1.54
Netherlands,NLD,Current health expenditure (% of GDP),SH.XPD.CHEX.GD.ZS,11.22355747
Netherlands,NLD,"School enrollment, secondary (% gross)",SE.SEC.ENRR,136.284164428711
Netherlands,NLD,"Primary completion rate, total (% of relevant age group)",SE.PRM.CMPT.ZS,..
Netherlands,NLD,"Government expenditure on education, total (% of GDP)",SE.XPD.TOTL.GD.ZS,5.29139995574951
Netherlands,NLD,GDP (current US$),NY.GDP.MKTP.CD,932560861701.17
Netherlands,NLD,GDP per capita (current US$),NY.GDP.PCAP.CD,53467.9277413737
Netherlands,NLD,GDP growth (annual %),NY.GDP.MKTP.KD.ZG,-3.86795333823223
Netherlands,NLD,"Inflation, consumer prices (annual %)",FP.CPI.TOTL.ZG,1.27246037789161
Netherlands,NLD,"Unemployment, total (% of total labor force) (modeled ILO estimate)",SL.UEM.TOTL.ZS,3.82
Netherlands,NLD,Exports of goods and services (% of GDP),NE.EXP.GNFS.ZS,81.2415259478997
Netherlands,NLD,Imports of goods and services (% of GDP),NE.IMP.GNFS.ZS,70.9917044618066
Netherlands,NLD,Individuals using the Internet (% of population),IT.NET.USER.ZS,91.3333
Netherlands,NLD,Access to electricity (% of population),EG.ELC.ACCS.ZS,100
Netherlands,NLD,Energy use (kg of oil equivalent per capita),EG.USE.PCAP.KG.OE,3975.37813564997
Netherlands,NLD,Carbon dioxide (CO2) emissions from Industrial Combustion (Energy) (Mt CO2e),EN.GHG.CO2.IC.MT.CE.AR5,22.4366
Belgium,BEL,"Population, total",SP.POP.TOTL,11538604
Belgium,BEL,Urban population,SP.URB.TOTL,10072797
Belgium,BEL,"Life expectancy at birth, total (years)",SP.DYN.LE00.IN,80.6951219512195
Belgium,BEL,"Mortality rate, infant (per 1,000 live births)",SP.DYN.IMRT.IN,3.2
Belgium,BEL,"Fertility rate, total (births per woman)",SP.DYN.TFRT.IN,1.55
Belgium,BEL,Current health expenditure (% of GDP),SH.XPD.CHEX.GD.ZS,11.26481915
Belgium,BEL,"School enrollment, secondary (% gross)",SE.SEC.ENRR,151.727508544922
Belgium,BEL,"Primary completion rate, total (% of relevant age group)",SE.PRM.CMPT.ZS,..
Belgium,BEL,"Government expenditure on education, total (% of GDP)",SE.XPD.TOTL.GD.ZS,6.75470018386841
Belgium,BEL,GDP (current US$),NY.GDP.MKTP.CD,529694473501.791
Belgium,BEL,GDP per capita (current US$),NY.GDP.PCAP.CD,45906.2875805246
Belgium,BEL,GDP growth (annual %),NY.GDP.MKTP.KD.ZG,-4.7929839083518
Belgium,BEL,"Inflation, consumer prices (annual %)",FP.CPI.TOTL.ZG,0.740791812220344
Belgium,BEL,"Unemployment, total (% of total labor force) (modeled ILO estimate)",SL.UEM.TOTL.ZS,5.545
Belgium,BEL,Exports of goods and services (% of GDP),NE.EXP.GNFS.ZS,79.1968705613294
Belgium,BEL,Imports of goods and services (% of GDP),NE.IMP.GNFS.ZS,77.7532507214541
Belgium,BEL,Individuals using the Internet (% of population),IT.NET.USER.ZS,91.5264
Belgium,BEL,Access to electricity (% of population),EG.ELC.ACCS.ZS,100
Belgium,BEL,Energy use (kg of oil equivalent per capita),EG.USE.PCAP.KG.OE,4386.43050829817
Belgium,BEL,Carbon dioxide (CO2) emissions from Industrial Combustion (Energy) (Mt CO2e),EN.GHG.CO2.IC.MT.CE.AR5,15.9157
Switzerland,CHE,"Population, total",SP.POP.TOTL,8638167
Switzerland,CHE,Urban population,SP.URB.TOTL,7112812
Switzerland,CHE,"Life expectancy at birth, total (years)",SP.DYN.LE00.IN,83
Switzerland,CHE,"Mortality rate, infant (per 1,000 live births)",SP.DYN.IMRT.IN,3.5
Switzerland,CHE,"Fertility rate, total (births per woman)",SP.DYN.TFRT.IN,1.46
Switzerland,CHE,Current health expenditure (% of GDP),SH.XPD.CHEX.GD.ZS,12.00404072
Switzerland,CHE,"School enrollment, secondary (% gross)",SE.SEC.ENRR,104.211616516113
Switzerland,CHE,"Primary completion rate, total (% of relevant age group)",SE.PRM.CMPT.ZS,94.2758178710938
Switzerland,CHE,"Government expenditure on education, total (% of GDP)",SE.XPD.TOTL.GD.ZS,5.27676010131836
Switzerland,CHE,GDP (current US$),NY.GDP.MKTP.CD,741999406005.627
Switzerland,CHE,GDP per capita (current US$),NY.GDP.PCAP.CD,85897.7843338323
Switzerland,CHE,GDP growth (annual %),NY.GDP.MKTP.KD.ZG,-2.14173712008038
Switzerland,CHE,"Inflation, consumer prices (annual %)",FP.CPI.TOTL.ZG,-0.725874933313384
Switzerland,CHE,"Unemployment, total (% of total labor force) (modeled ILO estimate)",SL.UEM.TOTL.ZS,4.817
Switzerland,CHE,Exports of goods and services (% of GDP),NE.EXP.GNFS.ZS,64.0955571587348
Switzerland,CHE,Imports of goods and services (% of GDP),NE.IMP.GNFS.ZS,57.690420839636
Switzerland,CHE,Individuals using the Internet (% of population),IT.NET.USER.ZS,94.3499
Switzerland,CHE,Access to electricity (% of population),EG.ELC.ACCS.ZS,100
Switzerland,CHE,Energy use (kg of oil equivalent per capita),EG.USE.PCAP.KG.OE,2690.39023280182
Switzerland,CHE,Carbon dioxide (CO2) emissions from Industrial Combustion (Energy) (Mt CO2e),EN.GHG.CO2.IC.MT.CE.AR5,4.7111
Italy,ITA,"Population, total",SP.POP.TOTL,59438851
Italy,ITA,Urban population,SP.URB.TOTL,41321146
Italy,ITA,"Life expectancy at birth, total (years)",SP.DYN.LE00.IN,82.1951219512195
Italy,ITA,"Mortality rate, infant (per 1,000 live births)",SP.DYN.IMRT.IN,2.5
Italy,ITA,"Fertility rate, total (births per woman)",SP.DYN.TFRT.IN,1.24
Italy,ITA,Current health expenditure (% of GDP),SH.XPD.CHEX.GD.ZS,9.62485981
Italy,ITA,"School enrollment, secondary (% gross)",SE.SEC.ENRR,101.836128234863
Italy,ITA,"Primary completion rate, total (% of relevant age group)",SE.PRM.CMPT.ZS,98.7205963134766
Italy,ITA,"Government expenditure on education, total (% of GDP)",SE.XPD.TOTL.GD.ZS,4.41802978515625
Italy,ITA,GDP (current US$),NY.GDP.MKTP.CD,1907481094079.23
Italy,ITA,GDP per capita (current US$),NY.GDP.PCAP.CD,32091.4866621366
Italy,ITA,GDP growth (annual %),NY.GDP.MKTP.KD.ZG,-8.86822122185345
Italy,ITA,"Inflation, consumer prices (annual %)",FP.CPI.TOTL.ZG,-0.13770757391651
Italy,ITA,"Unemployment, total (% of total labor force) (modeled ILO estimate)",SL.UEM.TOTL.ZS,9.164
Italy,ITA,Exports of goods and services (% of GDP),NE.EXP.GNFS.ZS,28.7258551870199
Italy,ITA,Imports of goods and services (% of GDP),NE.IMP.GNFS.ZS,25.2136287172564
Italy,ITA,Individuals using the Internet (% of population),IT.NET.USER.ZS,70.4834
Italy,ITA,Access to electricity (% of population),EG.ELC.ACCS.ZS,100
Italy,ITA,Energy use (kg of oil equivalent per capita),EG.USE.PCAP.KG.OE,2313.10006204514
Italy,ITA,Carbon dioxide (CO2) emissions from Industrial Combustion (Energy) (Mt CO2e),EN.GHG.CO2.IC.MT.CE.AR5,29.4835
Spain,ESP,"Population, total",SP.POP.TOTL,47359424
Spain,ESP,Urban population,SP.URB.TOTL,37743362
Spain,ESP,"Life expectancy at birth, total (years)",SP.DYN.LE00.IN,82.2317073170732
Spain,ESP,"Mortality rate, infant (per 1,000 live births)",SP.DYN.IMRT.IN,2.6
Spain,ESP,"Fertility rate, total (births per woman)",SP.DYN.TFRT.IN,1.18
Spain,ESP,Current health expenditure (% of GDP),SH.XPD.CHEX.GD.ZS,10.73210335
Spain,ESP,"School enrollment, secondary (% gross)",SE.SEC.ENRR,117.367767333984
Spain,ESP,"Primary completion rate, total (% of relevant age group)",SE.PRM.CMPT.ZS,96.0053405761719
Spain,ESP,"Government expenditure on education, total (% of GDP)",SE.XPD.TOTL.GD.ZS,4.85116004943848
Spain,ESP,GDP (current US$),NY.GDP.MKTP.CD,1289783836971.21
Spain,ESP,GDP per capita (current US$),NY.GDP.PCAP.CD,27233.9426461608
Spain,ESP,GDP growth (annual %),NY.GDP.MKTP.KD.ZG,-10.9400706350371
Spain,ESP,"Inflation, consumer prices (annual %)",FP.CPI.TOTL.ZG,-0.322753017299739
Spain,ESP,"Unemployment, total (% of total labor force) (modeled ILO estimate)",SL.UEM.TOTL.ZS,15.532
Spain,ESP,Exports of goods and services (% of GDP),NE.EXP.GNFS.ZS,30.4810248544563
Spain,ESP,Imports of goods and services (% of GDP),NE.IMP.GNFS.ZS,28.9651031602513
Spain,ESP,Individuals using the Internet (% of population),IT.NET.USER.ZS,93.2056
Spain,ESP,Access to electricity (% of population),EG.ELC.ACCS.ZS,100
Spain,ESP,Energy use (kg of oil equivalent per capita),EG.USE.PCAP.KG.OE,2303.51311623486
Spain,ESP,Carbon dioxide (CO2) emissions from Industrial Combustion (Energy) (Mt CO2e),EN.GHG.CO2.IC.MT.CE.AR5,30.7695
Portugal,PRT,"Population, total",SP.POP.TOTL,10297081
Portugal,PRT,Urban population,SP.URB.TOTL,6291955
Portugal,PRT,"Life expectancy at birth, total (years)",SP.DYN.LE00.IN,81.3292682926829
Portugal,PRT,"Mortality rate, infant (per 1,000 live births)",SP.DYN.IMRT.IN,2.7
Portugal,PRT,"Fertility rate, total (births per woman)",SP.DYN.TFRT.IN,1.42
Portugal,PRT,Current health expenditure (% of GDP),SH.XPD.CHEX.GD.ZS,10.54770088
Portugal,PRT,"School enrollment, secondary (% gross)",SE.SEC.ENRR,118.68286895752
Portugal,PRT,"Primary completion rate, total (% of relevant age group)",SE.PRM.CMPT.ZS,102.321578979492
Portugal,PRT,"Government expenditure on education, total (% of GDP)",SE.XPD.TOTL.GD.ZS,4.86408996582031
Portugal,PRT,GDP (current US$),NY.GDP.MKTP.CD,229618773422.577
Portugal,PRT,GDP per capita (current US$),NY.GDP.PCAP.CD,22299.4044062173
Portugal,PRT,GDP growth (annual %),NY.GDP.MKTP.KD.ZG,-8.20463159324387
Portugal,PRT,"Inflation, consumer prices (annual %)",FP.CPI.TOTL.ZG,-0.0124383299575305
Portugal,PRT,"Unemployment, total (% of total labor force) (modeled ILO estimate)",SL.UEM.TOTL.ZS,6.801
Portugal,PRT,Exports of goods and services (% of GDP),NE.EXP.GNFS.ZS,37.2560151344529
Portugal,PRT,Imports of goods and services (% of GDP),NE.IMP.GNFS.ZS,39.2526255864686
Portugal,PRT,Individuals using the Internet (% of population),IT.NET.USER.ZS,78.2617
Portugal,PRT,Access to electricity (% of population),EG.ELC.ACCS.ZS,100
Portugal,PRT,Energy use (kg of oil equivalent per capita),EG.USE.PCAP.KG.OE,1957.30550192994
Portugal,PRT,Carbon dioxide (CO2) emissions from Industrial Combustion (Energy) (Mt CO2e),EN.GHG.CO2.IC.MT.CE.AR5,5.3212
Sweden,SWE,"Population, total",SP.POP.TOTL,10353442
Sweden,SWE,Urban population,SP.URB.TOTL,9105066
Sweden,SWE,"Life expectancy at birth, total (years)",SP.DYN.LE00.IN,82.3560975609756
Sweden,SWE,"Mortality rate, infant (per 1,000 live births)",SP.DYN.IMRT.IN,2.1
Sweden,SWE,"Fertility rate, total (births per woman)",SP.DYN.TFRT.IN,1.67
Sweden,SWE,Current health expenditure (% of GDP),SH.XPD.CHEX.GD.ZS,11.33296967
Sweden,SWE,"School enrollment, secondary (% gross)",SE.SEC.ENRR,136.426132202148
Sweden,SWE,"Primary completion rate, total (% of relevant age group)",SE.PRM.CMPT.ZS,99.6735229492188
Sweden,SWE,"Government expenditure on education, total (% of GDP)",SE.XPD.TOTL.GD.ZS,7.95333003997803
Sweden,SWE,GDP (current US$),NY.GDP.MKTP.CD,544265668451.678
Sweden,SWE,GDP per capita (current US$),NY.GDP.PCAP.CD,52568.5726980146
Sweden,SWE,GDP growth (annual %),NY.GDP.MKTP.KD.ZG,-1.93379704032216
Sweden,SWE,"Inflation, consumer prices (annual %)",FP.CPI.TOTL.ZG,0.497367318853572
Sweden,SWE,"Unemployment, total (% of total labor force) (modeled ILO estimate)",SL.UEM.TOTL.ZS,8.291
Sweden,SWE,Exports of goods and services (% of GDP),NE.EXP.GNFS.ZS,44.2873771533388
Sweden,SWE,Imports of goods and services (% of GDP),NE.IMP.GNFS.ZS,40.187218660823
Sweden,SWE,Individuals using the Internet (% of population),IT.NET.USER.ZS,94.5394
Sweden,SWE,Access to electricity (% of population),EG.ELC.ACCS.ZS,100
Sweden,SWE,Energy use (kg of oil equivalent per capita),EG.USE.PCAP.KG.OE,4284.99805555044
Sweden,SWE,Carbon dioxide (CO2) emissions from Industrial Combustion (Energy) (Mt CO2e),EN.GHG.CO2.IC.MT.CE.AR5,6.8341
Norway,NOR,"Population, total",SP.POP.TOTL,5379475
Norway,NOR,Urban population,SP.URB.TOTL,4448987
Norway,NOR,"Life expectancy at birth, total (years)",SP.DYN.LE00.IN,83.209756097561
Norway,NOR,"Mortality rate, infant (per 1,000 live births)",SP.DYN.IMRT.IN,1.9
Norway,NOR,"Fertility rate, total (births per woman)",SP.DYN.TFRT.IN,1.48
Norway,NOR,Current health expenditure (% of GDP),SH.XPD.CHEX.GD.ZS,11.42416382
Norway,NOR,"School enrollment, secondary (% gross)",SE.SEC.ENRR,119.941543579102
Norway,NOR,"Primary completion rate, total (% of relevant age group)",SE.PRM.CMPT.ZS,99.18359375
Norway,NOR,"Government expenditure on education, total (% of GDP)",SE.XPD.TOTL.GD.ZS,8.3728199005127
Norway,NOR,GDP (current US$),NY.GDP.MKTP.CD,367633418886.627
Norway,NOR,GDP per capita (current US$),NY.GDP.PCAP.CD,68340.0181033702
Norway,NOR,GDP growth (annual %),NY.GDP.MKTP.KD.ZG,-1.27817177234034
Norway,NOR,"Inflation, consumer prices (annual %)",FP.CPI.TOTL.ZG,1.28658490708005
Norway,NOR,"Unemployment, total (% of total labor force) (modeled ILO estimate)",SL.UEM.TOTL.ZS,4.424
Norway,NOR,Exports of goods and services (% of GDP),NE.EXP.GNFS.ZS,32.2103377797679
Norway,NOR,Imports of goods and services (% of GDP),NE.IMP.GNFS.ZS,33.1436412615645
Norway,NOR,Individuals using the Internet (% of population),IT.NET.USER.ZS,94.6076
Norway,NOR,Access to electricity (% of population),EG.ELC.ACCS.ZS,100
Norway,NOR,Energy use (kg of oil equivalent per capita),EG.USE.PCAP.KG.OE,5145.72221927617
Norway,NOR,Carbon dioxide (CO2) emissions from Industrial Combustion (Energy) (Mt CO2e),EN.GHG.CO2.IC.MT.CE.AR5,6.5
Poland,POL,"Population, total",SP.POP.TOTL,37515748
Poland,POL,Urban population,SP.URB.TOTL,22462109
Poland,POL,"Life expectancy at birth, total (years)",SP.DYN.LE00.IN,76.4
Poland,POL,"Mortality rate, infant (per 1,000 live births)",SP.DYN.IMRT.IN,3.8
Poland,POL,"Fertility rate, total (births per woman)",SP.DYN.TFRT.IN,1.39
Poland,POL,Current health expenditure (% of GDP),SH.XPD.CHEX.GD.ZS,6.49677992
Poland,POL,"School enrollment, secondary (% gross)",SE.SEC.ENRR,112.576263427734
Poland,POL,"Primary completion rate, total (% of relevant age group)",SE.PRM.CMPT.ZS,..
Poland,POL,"Government expenditure on education, total (% of GDP)",SE.XPD.TOTL.GD.ZS,4.80081987380981
Poland,POL,GDP (current US$),NY.GDP.MKTP.CD,605914237903.742
Poland,POL,GDP per capita (current US$),NY.GDP.PCAP.CD,16150.9304813473
Poland,POL,GDP growth (annual %),NY.GDP.MKTP.KD.ZG,-2.03556882399977
Poland,POL,"Inflation, consumer prices (annual %)",FP.CPI.TOTL.ZG,3.37446972618589
Poland,POL,"Unemployment, total (% of total labor force) (modeled ILO estimate)",SL.UEM.TOTL.ZS,3.155
Poland,POL,Exports of goods and services (% of GDP),NE.EXP.GNFS.ZS,52.4338855199248
Poland,POL,Imports of goods and services (% of GDP),NE.IMP.GNFS.ZS,46.8252057104188
Poland,POL,Individuals using the Internet (% of population),IT.NET.USER.ZS,83.1849
Poland,POL,Access to electricity (% of population),EG.ELC.ACCS.ZS,100
Poland,POL,Energy use (kg of oil equivalent per capita),EG.USE.PCAP.KG.OE,2710.95606232103
Poland,POL,Carbon dioxide (CO2) emissions from Industrial Combustion (Energy) (Mt CO2e),EN.GHG.CO2.IC.MT.CE.AR5,28.5071
Greece,GRC,"Population, total",SP.POP.TOTL,10698599
Greece,GRC,Urban population,SP.URB.TOTL,8377718
Greece,GRC,"Life expectancy at birth, total (years)",SP.DYN.LE00.IN,81.2878048780488
Greece,GRC,"Mortality rate, infant (per 1,000 live births)",SP.DYN.IMRT.IN,3.4
Greece,GRC,"Fertility rate, total (births per woman)",SP.DYN.TFRT.IN,1.39
Greece,GRC,Current health expenditure (% of GDP),SH.XPD.CHEX.GD.ZS,9.5242157
Greece,GRC,"School enrollment, secondary (% gross)",SE.SEC.ENRR,103.615829467773
Greece,GRC,"Primary completion rate, total (% of relevant age group)",SE.PRM.CMPT.ZS,98.4192581176758
Greece,GRC,"Government expenditure on education, total (% of GDP)",SE.XPD.TOTL.GD.ZS,..
Greece,GRC,GDP (current US$),NY.GDP.MKTP.CD,191362985554.861
Greece,GRC,GDP per capita (current US$),NY.GDP.PCAP.CD,17886.733165236
Greece,GRC,GDP growth (annual %),NY.GDP.MKTP.KD.ZG,-9.19623149726978
Greece,GRC,"Inflation, consumer prices (annual %)",FP.CPI.TOTL.ZG,-1.24798355581405
Greece,GRC,"Unemployment, total (% of total labor force) (modeled ILO estimate)",SL.UEM.TOTL.ZS,15.899
Greece,GRC,Exports of goods and services (% of GDP),NE.EXP.GNFS.ZS,31.4504324884115
Greece,GRC,Imports of goods and services (% of GDP),NE.IMP.GNFS.ZS,38.843313969663
Greece,GRC,Individuals using the Internet (% of population),IT.NET.USER.ZS,78.1158
Greece,GRC,Access to electricity (% of population),EG.ELC.ACCS.ZS,100
Greece,GRC,Energy use (kg of oil equivalent per capita),EG.USE.PCAP.KG.OE,1839.48818892263
Greece,GRC,Carbon dioxide (CO2) emissions from Industrial Combustion (Energy) (Mt CO2e),EN.GHG.CO2.IC.MT.CE.AR5,4.1916
Turkiye,TUR,"Population, total",SP.POP.TOTL,83384680
Turkiye,TUR,Urban population,SP.URB.TOTL,74154256
Turkiye,TUR,"Life expectancy at birth, total (years)",SP.DYN.LE00.IN,76.525
Turkiye,TUR,"Mortality rate, infant (per 1,000 live births)",SP.DYN.IMRT.IN,8.7
Turkiye,TUR,"Fertility rate, total (births per woman)",SP.DYN.TFRT.IN,1.77
Turkiye,TUR,Current health expenditure (% of GDP),SH.XPD.CHEX.GD.ZS,4.61640215
Turkiye,TUR,"School enrollment, secondary (% gross)",SE.SEC.ENRR,112.527458190918
Turkiye,TUR,"Primary completion rate, total (% of relevant age group)",SE.PRM.CMPT.ZS,100.577331542969
Turkiye,TUR,"Government expenditure on education, total (% of GDP)",SE.XPD.TOTL.GD.ZS,4.03382015228271
Turkiye,TUR,GDP (current US$),NY.GDP.MKTP.CD,733628247119.077
Turkiye,TUR,GDP per capita (current US$),NY.GDP.PCAP.CD,8798.11791709313
Turkiye,TUR,GDP growth (annual %),NY.GDP.MKTP.KD.ZG,1.80306247087255
Turkiye,TUR,"Inflation, consumer prices (annual %)",FP.CPI.TOTL.ZG,12.2789574462574
Turkiye,TUR,"Unemployment, total (% of total labor force) (modeled ILO estimate)",SL.UEM.TOTL.ZS,13.148
Turkiye,TUR,Exports of goods and services (% of GDP),NE.EXP.GNFS.ZS,28.7400043468285
Turkiye,TUR,Imports of goods and services (% of GDP),NE.IMP.GNFS.ZS,31.6498487704686
Turkiye,TUR,Individuals using the Internet (% of population),IT.NET.USER.ZS,77.6696
Turkiye,TUR,Access to electricity (% of population),EG.ELC.ACCS.ZS,100
Turkiye,TUR,Energy use (kg of oil equivalent per capita),EG.USE.PCAP.KG.OE,1762.01062220058
Turkiye,TUR,Carbon dioxide (CO2) emissions from Industrial Combustion (Energy) (Mt CO2e),EN.GHG.CO2.IC.MT.CE.AR5,73.2848
Saudi Arabia,SAU,"Population, total",SP.POP.TOTL,31552510
Saudi Arabia,SAU,Urban population,SP.URB.TOTL,26443034
Saudi Arabia,SAU,"Life expectancy at birth, total (years)",SP.DYN.LE00.IN,77.596
Saudi Arabia,SAU,"Mortality rate, infant (per 1,000 live births)",SP.DYN.IMRT.IN,5.5
Saudi Arabia,SAU,"Fertility rate, total (births per woman)",SP.DYN.TFRT.IN,2.27
Saudi Arabia,SAU,Current health expenditure (% of GDP),SH.XPD.CHEX.GD.ZS,6.64630127
Saudi Arabia,SAU,"School enrollment, secondary (% gross)",SE.SEC.ENRR,104.411027399625
Saudi Arabia,SAU,"Primary completion rate, total (% of relevant age group)",SE.PRM.CMPT.ZS,96.9853243228005
Saudi Arabia,SAU,"Government expenditure on education, total (% of GDP)",SE.XPD.TOTL.GD.ZS,..
Saudi Arabia,SAU,GDP (current US$),NY.GDP.MKTP.CD,767951200000
Saudi Arabia,SAU,GDP per capita (current US$),NY.GDP.PCAP.CD,24338.8307301067
Saudi Arabia,SAU,GDP growth (annual %),NY.GDP.MKTP.KD.ZG,-3.80478901996312
Saudi Arabia,SAU,"Inflation, consumer prices (annual %)",FP.CPI.TOTL.ZG,3.37234961012303
Saudi Arabia,SAU,"Unemployment, total (% of total labor force) (modeled ILO estimate)",SL.UEM.TOTL.ZS,7.66
Saudi Arabia,SAU,Exports of goods and services (% of GDP),NE.EXP.GNFS.ZS,23.8098115262185
Saudi Arabia,SAU,Imports of goods and services (% of GDP),NE.IMP.GNFS.ZS,23.7233476988295
Saudi Arabia,SAU,Individuals using the Internet (% of population),IT.NET.USER.ZS,97.8623
Saudi Arabia,SAU,Access to electricity (% of population),EG.ELC.ACCS.ZS,100
Saudi Arabia,SAU,Energy use (kg of oil equivalent per capita),EG.USE.PCAP.KG.OE,7170.88694947248
Saudi Arabia,SAU,Carbon dioxide (CO2) emissions from Industrial Combustion (Energy) (Mt CO2e),EN.GHG.CO2.IC.MT.CE.AR5,93.1625
United Arab Emirates,ARE,"Population, total",SP.POP.TOTL,9401038
United Arab Emirates,ARE,Urban population,SP.URB.TOTL,8009264
United Arab Emirates,ARE,"Life expectancy at birth, total (years)",SP.DYN.LE00.IN,81.936
United Arab Emirates,ARE,"Mortality rate, infant (per 1,000 live births)",SP.DYN.IMRT.IN,4.7
United Arab Emirates,ARE,"Fertility rate, total (births per woman)",SP.DYN.TFRT.IN,1.289
United Arab Emirates,ARE,Current health expenditure (% of GDP),SH.XPD.CHEX.GD.ZS,5.82477045
United Arab Emirates,ARE,"School enrollment, secondary (% gross)",SE.SEC.ENRR,99.1635400791877
United Arab Emirates,ARE,"Primary completion rate, total (% of relevant age group)",SE.PRM.CMPT.ZS,99.8548679378418
United Arab Emirates,ARE,"Government expenditure on education, total (% of GDP)",SE.XPD.TOTL.GD.ZS,3.98417997360229
United Arab Emirates,ARE,GDP (current US$),NY.GDP.MKTP.CD,357161878829.135
United Arab Emirates,ARE,GDP per capita (current US$),NY.GDP.PCAP.CD,37991.7492971665
United Arab Emirates,ARE,GDP growth (annual %),NY.GDP.MKTP.KD.ZG,-8.69342617885171
United Arab Emirates,ARE,"Inflation, consumer prices (annual %)",FP.CPI.TOTL.ZG,-2.07940317940944
United Arab Emirates,ARE,"Unemployment, total (% of total labor force) (modeled ILO estimate)",SL.UEM.TOTL.ZS,4.294
United Arab Emirates,ARE,Exports of goods and services (% of GDP),NE.EXP.GNFS.ZS,98.0724675358339
United Arab Emirates,ARE,Imports of goods and services (% of GDP),NE.IMP.GNFS.ZS,83.2194206348057
United Arab Emirates,ARE,Individuals using the Internet (% of population),IT.NET.USER.ZS,100
United Arab Emirates,ARE,Access to electricity (% of population),EG.ELC.ACCS.ZS,100
United Arab Emirates,ARE,Energy use (kg of oil equivalent per capita),EG.USE.PCAP.KG.OE,8154.35294132635
United Arab Emirates,ARE,Carbon dioxide (CO2) emissions from Industrial Combustion (Energy) (Mt CO2e),EN.GHG.CO2.IC.MT.CE.AR5,73.4393
Israel,ISR,"Population, total",SP.POP.TOTL,9215100
Israel,ISR,Urban population,SP.URB.TOTL,8439082
Israel,ISR,"Life expectancy at birth, total (years)",SP.DYN.LE00.IN,82.6487804878049
Israel,ISR,"Mortality rate, infant (per 1,000 live births)",SP.DYN.IMRT.IN,2.8
Israel,ISR,"Fertility rate, total (births per woman)",SP.DYN.TFRT.IN,2.9
Israel,ISR,Current health expenditure (% of GDP),SH.XPD.CHEX.GD.ZS,7.70120192
Israel,ISR,"School enrollment, secondary (% gross)",SE.SEC.ENRR,96.1416931152344
Israel,ISR,"Primary completion rate, total (% of relevant age group)",SE.PRM.CMPT.ZS,98.4821319580078
Israel,ISR,"Government expenditure on education, total (% of GDP)",SE.XPD.TOTL.GD.ZS,6.50303983688354
Israel,ISR,GDP (current US$),NY.GDP.MKTP.CD,410768352657.612
Israel,ISR,GDP per capita (current US$),NY.GDP.PCAP.CD,44575.5719045492
Israel,ISR,GDP growth (annual %),NY.GDP.MKTP.KD.ZG,-2.02161548237589
Israel,ISR,"Inflation, consumer prices (annual %)",FP.CPI.TOTL.ZG,-0.575254620897756
Israel,ISR,"Unemployment, total (% of total labor force) (modeled ILO estimate)",SL.UEM.TOTL.ZS,4.169
Israel,ISR,Exports of goods and services (% of GDP),NE.EXP.GNFS.ZS,27.1722994385229
Israel,ISR,Imports of goods and services (% of GDP),NE.IMP.GNFS.ZS,24.0643743535137
Israel,ISR,Individuals using the Internet (% of population),IT.NET.USER.ZS,90.1273
Israel,ISR,Access to electricity (% of population),EG.ELC.ACCS.ZS,100
Israel,ISR,Energy use (kg of oil equivalent per capita),EG.USE.PCAP.KG.OE,2453.62703150387
Israel,ISR,Carbon dioxide (CO2) emissions from Industrial Combustion (Energy) (Mt CO2e),EN.GHG.CO2.IC.MT.CE.AR5,4.2825
"Iran, Islamic Rep.",IRN,"Population, total",SP.POP.TOTL,87723443
"Iran, Islamic Rep.",IRN,Urban population,SP.URB.TOTL,66317730
"Iran, Islamic Rep.",IRN,"Life expectancy at birth, total (years)",SP.DYN.LE00.IN,74.141
"Iran, Islamic Rep.",IRN,"Mortality rate, infant (per 1,000 live births)",SP.DYN.IMRT.IN,11.7
"Iran, Islamic Rep.",IRN,"Fertility rate, total (births per woman)",SP.DYN.TFRT.IN,1.7
"Iran, Islamic Rep.",IRN,Current health expenditure (% of GDP),SH.XPD.CHEX.GD.ZS,5.40149546
"Iran, Islamic Rep.",IRN,"School enrollment, secondary (% gross)",SE.SEC.ENRR,85.1913986206055
"Iran, Islamic Rep.",IRN,"Primary completion rate, total (% of relevant age group)",SE.PRM.CMPT.ZS,96.345588684082
"Iran, Islamic Rep.",IRN,"Government expenditure on education, total (% of GDP)",SE.XPD.TOTL.GD.ZS,3.20495009422302
"Iran, Islamic Rep.",IRN,GDP (current US$),NY.GDP.MKTP.CD,280934329279.723
"Iran, Islamic Rep.",IRN,GDP per capita (current US$),NY.GDP.PCAP.CD,3202.50003502169
"Iran, Islamic Rep.",IRN,GDP growth (annual %),NY.GDP.MKTP.KD.ZG,4.44180865358672
"Iran, Islamic Rep.",IRN,"Inflation, consumer prices (annual %)",FP.CPI.TOTL.ZG,30.5941390387295
"Iran, Islamic Rep.",IRN,"Unemployment, total (% of total labor force) (modeled ILO estimate)",SL.UEM.TOTL.ZS,9.687
"Iran, Islamic Rep.",IRN,Exports of goods and services (% of GDP),NE.EXP.GNFS.ZS,18.3903748639131
"Iran, Islamic Rep.",IRN,Imports of goods and services (% of GDP),NE.IMP.GNFS.ZS,25.4940926265882
"Iran, Islamic Rep.",IRN,Individuals using the Internet (% of population),IT.NET.USER.ZS,75.5699
"Iran, Islamic Rep.",IRN,Access to electricity (% of population),EG.ELC.ACCS.ZS,100
"Iran, Islamic Rep.",IRN,Energy use (kg of oil equivalent per capita),EG.USE.PCAP.KG.OE,3252.6054710927
"Iran, Islamic Rep.",IRN,Carbon dioxide (CO2) emissions from Industrial Combustion (Energy) (Mt CO2e),EN.GHG.CO2.IC.MT.CE.AR5,119.0677
"Egypt, Arab Rep.",EGY,"Population, total",SP.POP.TOTL,109315124
"Egypt, Arab Rep.",EGY,Urban population,SP.URB.TOTL,46478772
"Egypt, Arab Rep.",EGY,"Life expectancy at birth, total (years)",SP.DYN.LE00.IN,69.79
"Egypt, Arab Rep.",EGY,"Mortality rate, infant (per 1,000 live births)",SP.DYN.IMRT.IN,17.8
"Egypt, Arab Rep.",EGY,"Fertility rate, total (births per woman)",SP.DYN.TFRT.IN,2.85
"Egypt, Arab Rep.",EGY,Current health expenditure (% of GDP),SH.XPD.CHEX.GD.ZS,4.15384626
"Egypt, Arab Rep.",EGY,"School enrollment, secondary (% gross)",SE.SEC.ENRR,79.6544750074231
"Egypt, Arab Rep.",EGY,"Primary completion rate, total (% of relevant age group)",SE.PRM.CMPT.ZS,91.826074813289
"Egypt, Arab Rep.",EGY,"Government expenditure on education, total (% of GDP)",SE.XPD.TOTL.GD.ZS,..
"Egypt, Arab Rep.",EGY,GDP (current US$),NY.GDP.MKTP.CD,383817841547.099
"Egypt, Arab Rep.",EGY,GDP per capita (current US$),NY.GDP.PCAP.CD,3511.11381026379
"Egypt, Arab Rep.",EGY,GDP growth (annual %),NY.GDP.MKTP.KD.ZG,3.55016483786838
"Egypt, Arab Rep.",EGY,"Inflation, consumer prices (annual %)",FP.CPI.TOTL.ZG,5.04493288977539
"Egypt, Arab Rep.",EGY,"Unemployment, total (% of total labor force) (modeled ILO estimate)",SL.UEM.TOTL.ZS,7.974
"Egypt, Arab Rep.",EGY,Exports of goods and services (% of GDP),NE.EXP.GNFS.ZS,12.4727757370868
"Egypt, Arab Rep.",EGY,Imports of goods and services (% of GDP),NE.IMP.GNFS.ZS,19.6534798296655
"Egypt, Arab Rep.",EGY,Individuals using the Internet (% of population),IT.NET.USER.ZS,71.9142
"Egypt, Arab Rep.",EGY,Access to electricity (% of population),EG.ELC.ACCS.ZS,100
"Egypt, Arab Rep.",EGY,Energy use (kg of oil equivalent per capita),EG.USE.PCAP.KG.OE,805.259456646637
"Egypt, Arab Rep.",EGY,Carbon dioxide (CO2) emissions from Industrial Combustion (Energy) (Mt CO2e),EN.GHG.CO2.IC.MT.CE.AR5,32.2281
Morocco,MAR,"Population, total",SP.POP.TOTL,36584208
Morocco,MAR,Urban population,SP.URB.TOTL,22716358
Morocco,MAR,"Life expectancy at birth, total (years)",SP.DYN.LE00.IN,73.133
Morocco,MAR,"Mortality rate, infant (per 1,000 live births)",SP.DYN.IMRT.IN,17.3
Morocco,MAR,"Fertility rate, total (births per woman)",SP.DYN.TFRT.IN,2.32
Morocco,MAR,Current health expenditure (% of GDP),SH.XPD.CHEX.GD.ZS,5.59079361
Morocco,MAR,"School enrollment, secondary (% gross)",SE.SEC.ENRR,80.3087996541375
Morocco,MAR,"Primary completion rate, total (% of relevant age group)",SE.PRM.CMPT.ZS,94.2797508694124
Morocco,MAR,"Government expenditure on education, total (% of GDP)",SE.XPD.TOTL.GD.ZS,6.28428263644307
Morocco,MAR,GDP (current US$),NY.GDP.MKTP.CD,121353645057.144
Morocco,MAR,GDP per capita (current US$),NY.GDP.PCAP.CD,3268.0302734375
Morocco,MAR,GDP growth (annual %),NY.GDP.MKTP.KD.ZG,-7.17820744246774
Morocco,MAR,"Inflation, consumer prices (annual %)",FP.CPI.TOTL.ZG,0.705968661338261
Morocco,MAR,"Unemployment, total (% of total labor force) (modeled ILO estimate)",SL.UEM.TOTL.ZS,11.223
Morocco,MAR,Exports of goods and services (% of GDP),NE.EXP.GNFS.ZS,30.7941069539783
Morocco,MAR,Imports of goods and services (% of GDP),NE.IMP.GNFS.ZS,38.0496964364582
Morocco,MAR,Individuals using the Internet (% of population),IT.NET.USER.ZS,84.1204
Morocco,MAR,Access to electricity (% of population),EG.ELC.ACCS.ZS,100
Morocco,MAR,Energy use (kg of oil equivalent per capita),EG.USE.PCAP.KG.OE,575.699296767116
Morocco,MAR,Carbon dioxide (CO2) emissions from Industrial Combustion (Energy) (Mt CO2e),EN.GHG.CO2.IC.MT.CE.AR5,6.7001
South Africa,ZAF,"Population, total",SP.POP.TOTL,60562381
South Africa,ZAF,Urban population,SP.URB.TOTL,38419145
South Africa,ZAF,"Life expectancy at birth, total (years)",SP.DYN.LE00.IN,65.15
South Africa,ZAF,"Mortality rate, infant (per 1,000 live births)",SP.DYN.IMRT.IN,25
South Africa,ZAF,"Fertility rate, total (births per woman)",SP.DYN.TFRT.IN,2.257
South Africa,ZAF,Current health expenditure (% of GDP),SH.XPD.CHEX.GD.ZS,9.01329231
South Africa,ZAF,"School enrollment, secondary (% gross)",SE.SEC.ENRR,103.501178102472
South Africa,ZAF,"Primary completion rate, total (% of relevant age group)",SE.PRM.CMPT.ZS,92.6580245068739
South Africa,ZAF,"Government expenditure on education, total (% of GDP)",SE.XPD.TOTL.GD.ZS,6.17067003250122
South Africa,ZAF,GDP (current US$),NY.GDP.MKTP.CD,337974655408.055
South Africa,ZAF,GDP per capita (current US$),NY.GDP.PCAP.CD,5580.60383075189
South Africa,ZAF,GDP growth (annual %),NY.GDP.MKTP.KD.ZG,-6.1689177146757
South Africa,ZAF,"Inflation, consumer prices (annual %)",FP.CPI.TOTL.ZG,3.23238831615113
South Africa,ZAF,"Unemployment, total (% of total labor force) (modeled ILO estimate)",SL.UEM.TOTL.ZS,29.217
South Africa,ZAF,Exports of goods and services (% of GDP),NE.EXP.GNFS.ZS,27.5759141603963
South Africa,ZAF,Imports of goods and services (% of GDP),NE.IMP.GNFS.ZS,23.1837449200214
South Africa,ZAF,Individuals using the Internet (% of population),IT.NET.USER.ZS,72.1128
South Africa,ZAF,Access to electricity (% of population),EG.ELC.ACCS.ZS,90
South Africa,ZAF,Energy use (kg of oil equivalent per capita),EG.USE.PCAP.KG.OE,2037.46194166103
South Africa,ZAF,Carbon dioxide (CO2) emissions from Industrial Combustion (Energy) (Mt CO2e),EN.GHG.CO2.IC.MT.CE.AR5,49.0498
Nigeria,NGA,"Population, total",SP.POP.TOTL,213996181
Nigeria,NGA,Urban population,SP.URB.TOTL,127896884
Nigeria,NGA,"Life expectancy at birth, total (years)",SP.DYN.LE00.IN,53.072
Nigeria,NGA,"Mortality rate, infant (per 1,000 live births)",SP.DYN.IMRT.IN,64.7
Nigeria,NGA,"Fertility rate, total (births per woman)",SP.DYN.TFRT.IN,4.7
Nigeria,NGA,Current health expenditure (% of GDP),SH.XPD.CHEX.GD.ZS,3.38063431
Nigeria,NGA,"School enrollment, secondary (% gross)",SE.SEC.ENRR,44.1220893859863
Nigeria,NGA,"Primary completion rate, total (% of relevant age group)",SE.PRM.CMPT.ZS,..
Nigeria,NGA,"Government expenditure on education, total (% of GDP)",SE.XPD.TOTL.GD.ZS,0.35963763718498
Nigeria,NGA,GDP (current US$),NY.GDP.MKTP.CD,598586817819.073
Nigeria,NGA,GDP per capita (current US$),NY.GDP.PCAP.CD,2797.18458068686
Nigeria,NGA,GDP growth (annual %),NY.GDP.MKTP.KD.ZG,-6.36889840510109
Nigeria,NGA,"Inflation, consumer prices (annual %)",FP.CPI.TOTL.ZG,13.2460234276597
Nigeria,NGA,"Unemployment, total (% of total labor force) (modeled ILO estimate)",SL.UEM.TOTL.ZS,5.742
Nigeria,NGA,Exports of goods and services (% of GDP),NE.EXP.GNFS.ZS,..
Nigeria,NGA,Imports of goods and services (% of GDP),NE.IMP.GNFS.ZS,..
Nigeria,NGA,Individuals using the Internet (% of population),IT.NET.USER.ZS,31.8888
Nigeria,NGA,Access to electricity (% of population),EG.ELC.ACCS.ZS,55.4
Nigeria,NGA,Energy use (kg of oil equivalent per capita),EG.USE.PCAP.KG.OE,323.130893205101
Nigeria,NGA,Carbon dioxide (CO2) emissions from Industrial Combustion (Energy) (Mt CO2e),EN.GHG.CO2.IC.MT.CE.AR5,8.0766
Kenya,KEN,"Population, total",SP.POP.TOTL,52217334
Kenya,KEN,Urban population,SP.URB.TOTL,16295124
Kenya,KEN,"Life expectancy at birth, total (years)",SP.DYN.LE00.IN,61.596
Kenya,KEN,"Mortality rate, infant (per 1,000 live births)",SP.DYN.IMRT.IN,36.9
Kenya,KEN,"Fertility rate, total (births per woman)",SP.DYN.TFRT.IN,3.364
Kenya,KEN,Current health expenditure (% of GDP),SH.XPD.CHEX.GD.ZS,4.49248838
Kenya,KEN,"School enrollment, secondary (% gross)",SE.SEC.ENRR,..
Kenya,KEN,"Primary completion rate, total (% of relevant age group)",SE.PRM.CMPT.ZS,..
Kenya,KEN,"Government expenditure on education, total (% of GDP)",SE.XPD.TOTL.GD.ZS,5.04574892454155
Kenya,KEN,GDP (current US$),NY.GDP.MKTP.CD,100657505750.545
Kenya,KEN,GDP per capita (current US$),NY.GDP.PCAP.CD,1927.66459027849
Kenya,KEN,GDP growth (annual %),NY.GDP.MKTP.KD.ZG,-0.272766327438816
Kenya,KEN,"Inflation, consumer prices (annual %)",FP.CPI.TOTL.ZG,5.40516207933392
Kenya,KEN,"Unemployment, total (% of total labor force) (modeled ILO estimate)",SL.UEM.TOTL.ZS,5.619
Kenya,KEN,Exports of goods and services (% of GDP),NE.EXP.GNFS.ZS,11.4410451821593
Kenya,KEN,Imports of goods and services (% of GDP),NE.IMP.GNFS.ZS,18.9580936008817
Kenya,KEN,Individuals using the Internet (% of population),IT.NET.USER.ZS,..
Kenya,KEN,Access to electricity (% of population),EG.ELC.ACCS.ZS,71.5
Kenya,KEN,Energy use (kg of oil equivalent per capita),EG.USE.PCAP.KG.OE,534.753957479746
Kenya,KEN,Carbon dioxide (CO2) emissions from Industrial Combustion (Energy) (Mt CO2e),EN.GHG.CO2.IC.MT.CE.AR5,2.6753
Ethiopia,ETH,"Population, total",SP.POP.TOTL,118917671
Ethiopia,ETH,Urban population,SP.URB.TOTL,25717142
Ethiopia,ETH,"Life expectancy at birth, total (years)",SP.DYN.LE00.IN,65.969
Ethiopia,ETH,"Mortality rate, infant (per 1,000 live births)",SP.DYN.IMRT.IN,39.6
Ethiopia,ETH,"Fertility rate, total (births per woman)",SP.DYN.TFRT.IN,4.274
Ethiopia,ETH,Current health expenditure (% of GDP),SH.XPD.CHEX.GD.ZS,3.48096275
Ethiopia,ETH,"School enrollment, secondary (% gross)",SE.SEC.ENRR,..
Ethiopia,ETH,"Primary completion rate, total (% of relevant age group)",SE.PRM.CMPT.ZS,62.4525527223727
Ethiopia,ETH,"Government expenditure on education, total (% of GDP)",SE.XPD.TOTL.GD.ZS,4.0905654220699
Ethiopia,ETH,GDP (current US$),NY.GDP.MKTP.CD,98676811061.4035
Ethiopia,ETH,GDP per capita (current US$),NY.GDP.PCAP.CD,829.790982547947
Ethiopia,ETH,GDP growth (annual %),NY.GDP.MKTP.KD.ZG,6.05953089054807
Ethiopia,ETH,"Inflation, consumer prices (annual %)",FP.CPI.TOTL.ZG,20.3563468559061
Ethiopia,ETH,"Unemployment, total (% of total labor force) (modeled ILO estimate)",SL.UEM.TOTL.ZS,3.994
Ethiopia,ETH,Exports of goods and services (% of GDP),NE.EXP.GNFS.ZS,7.12719989668803
Ethiopia,ETH,Imports of goods and services (% of GDP),NE.IMP.GNFS.ZS,16.8789144434913
Ethiopia,ETH,Individuals using the Internet (% of population),IT.NET.USER.ZS,16.0696
Ethiopia,ETH,Access to electricity (% of population),EG.ELC.ACCS.ZS,51.1
Ethiopia,ETH,Energy use (kg of oil equivalent per capita),EG.USE.PCAP.KG.OE,380.656754967252
Ethiopia,ETH,Carbon dioxide (CO2) emissions from Industrial Combustion (Energy) (Mt CO2e),EN.GHG.CO2.IC.MT.CE.AR5,5.0727
Tanzania,TZA,"Population, total",SP.POP.TOTL,60972798
Tanzania,TZA,Urban population,SP.URB.TOTL,20642173
Tanzania,TZA,"Life expectancy at birth, total (years)",SP.DYN.LE00.IN,66.771
Tanzania,TZA,"Mortality rate, infant (per 1,000 live births)",SP.DYN.IMRT.IN,33.5
Tanzania,TZA,"Fertility rate, total (births per woman)",SP.DYN.TFRT.IN,4.801
Tanzania,TZA,Current health expenditure (% of GDP),SH.XPD.CHEX.GD.ZS,3.05195832
Tanzania,TZA,"School enrollment, secondary (% gross)",SE.SEC.ENRR,30.9205938581875
Tanzania,TZA,"Primary completion rate, total (% of relevant age group)",SE.PRM.CMPT.ZS,68.4711470524733
Tanzania,TZA,"Government expenditure on education, total (% of GDP)",SE.XPD.TOTL.GD.ZS,3.23097255920833
Tanzania,TZA,GDP (current US$),NY.GDP.MKTP.CD,66068737786.0639
Tanzania,TZA,GDP per capita (current US$),NY.GDP.PCAP.CD,1117.41528320313
Tanzania,TZA,GDP growth (annual %),NY.GDP.MKTP.KD.ZG,1.99196460647855
Tanzania,TZA,"Inflation, consumer prices (annual %)",FP.CPI.TOTL.ZG,3.29029062798325
Tanzania,TZA,"Unemployment, total (% of total labor force) (modeled ILO estimate)",SL.UEM.TOTL.ZS,2.781
Tanzania,TZA,Exports of goods and services (% of GDP),NE.EXP.GNFS.ZS,13.5038738462361
Tanzania,TZA,Imports of goods and services (% of GDP),NE.IMP.GNFS.ZS,14.4591413507523
Tanzania,TZA,Individuals using the Internet (% of population),IT.NET.USER.ZS,17.7693
Tanzania,TZA,Access to electricity (% of population),EG.ELC.ACCS.ZS,39.9
Tanzania,TZA,Energy use (kg of oil equivalent per capita),EG.USE.PCAP.KG.OE,405.685641474926
Tanzania,TZA,Carbon dioxide (CO2) emissions from Industrial Combustion (Energy) (Mt CO2e),EN.GHG.CO2.IC.MT.CE.AR5,2.5699
Uganda,UGA,"Population, total",SP.POP.TOTL,44457152
Uganda,UGA,Urban population,SP.URB.TOTL,12688060
Uganda,UGA,"Life expectancy at birth, total (years)",SP.DYN.LE00.IN,66.41
Uganda,UGA,"Mortality rate, infant (per 1,000 live births)",SP.DYN.IMRT.IN,30.6
Uganda,UGA,"Fertility rate, total (births per woman)",SP.DYN.TFRT.IN,4.621
Uganda,UGA,Current health expenditure (% of GDP),SH.XPD.CHEX.GD.ZS,5.23698568
Uganda,UGA,"School enrollment, secondary (% gross)",SE.SEC.ENRR,..
Uganda,UGA,"Primary completion rate, total (% of relevant age group)",SE.PRM.CMPT.ZS,..
Uganda,UGA,"Government expenditure on education, total (% of GDP)",SE.XPD.TOTL.GD.ZS,2.57222181308255
Uganda,UGA,GDP (current US$),NY.GDP.MKTP.CD,37600368241.6657
Uganda,UGA,GDP per capita (current US$),NY.GDP.PCAP.CD,845.766463890124
Uganda,UGA,GDP growth (annual %),NY.GDP.MKTP.KD.ZG,2.95130642218098
Uganda,UGA,"Inflation, consumer prices (annual %)",FP.CPI.TOTL.ZG,3.31332289544502
Uganda,UGA,"Unemployment, total (% of total labor force) (modeled ILO estimate)",SL.UEM.TOTL.ZS,3.831
Uganda,UGA,Exports of goods and services (% of GDP),NE.EXP.GNFS.ZS,15.4147985397289
Uganda,UGA,Imports of goods and services (% of GDP),NE.IMP.GNFS.ZS,21.585893851908
Uganda,UGA,Individuals using the Internet (% of population),IT.NET.USER.ZS,7.4
Uganda,UGA,Access to electricity (% of population),EG.ELC.ACCS.ZS,42.1
Uganda,UGA,Energy use (kg of oil equivalent per capita),EG.USE.PCAP.KG.OE,475.325187025973
Uganda,UGA,Carbon dioxide (CO2) emissions from Industrial Combustion (Energy) (Mt CO2e),EN.GHG.CO2.IC.MT.CE.AR5,1.4162
Ghana,GHA,"Population, total",SP.POP.TOTL,31887809
Ghana,GHA,Urban population,SP.URB.TOTL,17926421
Ghana,GHA,"Life expectancy at birth, total (years)",SP.DYN.LE00.IN,64.309
Ghana,GHA,"Mortality rate, infant (per 1,000 live births)",SP.DYN.IMRT.IN,31.4
Ghana,GHA,"Fertility rate, total (births per woman)",SP.DYN.TFRT.IN,3.541
Ghana,GHA,Current health expenditure (% of GDP),SH.XPD.CHEX.GD.ZS,4.4331708
Ghana,GHA,"School enrollment, secondary (% gross)",SE.SEC.ENRR,74.0102186341371
Ghana,GHA,"Primary completion rate, total (% of relevant age group)",SE.PRM.CMPT.ZS,..
Ghana,GHA,"Government expenditure on education, total (% of GDP)",SE.XPD.TOTL.GD.ZS,3.40915991351725
Ghana,GHA,GDP (current US$),NY.GDP.MKTP.CD,70008243859.8666
Ghana,GHA,GDP per capita (current US$),NY.GDP.PCAP.CD,2195.45481659987
Ghana,GHA,GDP growth (annual %),NY.GDP.MKTP.KD.ZG,0.513941670628171
Ghana,GHA,"Inflation, consumer prices (annual %)",FP.CPI.TOTL.ZG,9.88728956269944
Ghana,GHA,"Unemployment, total (% of total labor force) (modeled ILO estimate)",SL.UEM.TOTL.ZS,3.313
Ghana,GHA,Exports of goods and services (% of GDP),NE.EXP.GNFS.ZS,31.5254204867115
Ghana,GHA,Imports of goods and services (% of GDP),NE.IMP.GNFS.ZS,35.0500782295317
Ghana,GHA,Individuals using the Internet (% of population),IT.NET.USER.ZS,62.5176
Ghana,GHA,Access to electricity (% of population),EG.ELC.ACCS.ZS,85.4
Ghana,GHA,Energy use (kg of oil equivalent per capita),EG.USE.PCAP.KG.OE,367.161102921615
Ghana,GHA,Carbon dioxide (CO2) emissions from Industrial Combustion (Energy) (Mt CO2e),EN.GHG.CO2.IC.MT.CE.AR5,1.7068
Senegal,SEN,"Population, total",SP.POP.TOTL,16789219
Senegal,SEN,Urban population,SP.URB.TOTL,8571953
Senegal,SEN,"Life expectancy at birth, total (years)",SP.DYN.LE00.IN,67.496
Senegal,SEN,"Mortality rate, infant (per 1,000 live births)",SP.DYN.IMRT.IN,33.9
Senegal,SEN,"Fertility rate, total (births per woman)",SP.DYN.TFRT.IN,4.003
Senegal,SEN,Current health expenditure (% of GDP),SH.XPD.CHEX.GD.ZS,5.15119171
Senegal,SEN,"School enrollment, secondary (% gross)",SE.SEC.ENRR,44.7866297761573
Senegal,SEN,"Primary completion rate, total (% of relevant age group)",SE.PRM.CMPT.ZS,60.3359412043623
Senegal,SEN,"Government expenditure on education, total (% of GDP)",SE.XPD.TOTL.GD.ZS,5.6869797706604
Senegal,SEN,GDP (current US$),NY.GDP.MKTP.CD,24530513037.7518
Senegal,SEN,GDP per capita (current US$),NY.GDP.PCAP.CD,1461.08720350553
Senegal,SEN,GDP growth (annual %),NY.GDP.MKTP.KD.ZG,1.3420737726679
Senegal,SEN,"Inflation, consumer prices (annual %)",FP.CPI.TOTL.ZG,2.54314685681662
Senegal,SEN,"Unemployment, total (% of total labor force) (modeled ILO estimate)",SL.UEM.TOTL.ZS,3.437
Senegal,SEN,Exports of goods and services (% of GDP),NE.EXP.GNFS.ZS,20.7005528555706
Senegal,SEN,Imports of goods and services (% of GDP),NE.IMP.GNFS.ZS,39.346318758136
Senegal,SEN,Individuals using the Internet (% of population),IT.NET.USER.ZS,53.3088
Senegal,SEN,Access to electricity (% of population),EG.ELC.ACCS.ZS,64.3
Senegal,SEN,Energy use (kg of oil equivalent per capita),EG.USE.PCAP.KG.OE,280.607903309744
Senegal,SEN,Carbon dioxide (CO2) emissions from Industrial Combustion (Energy) (Mt CO2e),EN.GHG.CO2.IC.MT.CE.AR5,1.3058
India,IND,"Population, total",SP.POP.TOTL,1402617695
India,IND,Urban population,SP.URB.TOTL,478694801
India,IND,"Life expectancy at birth, total (years)",SP.DYN.LE00.IN,70.156
India,IND,"Mortality rate, infant (per 1,000 live births)",SP.DYN.IMRT.IN,28.2
India,IND,"Fertility rate, total (births per woman)",SP.DYN.TFRT.IN,2.047
India,IND,Current health expenditure (% of GDP),SH.XPD.CHEX.GD.ZS,3.34146094
India,IND,"School enrollment, secondary (% gross)",SE.SEC.ENRR,77.9766433254166
India,IND,"Primary completion rate, total (% of relevant age group)",SE.PRM.CMPT.ZS,98.1474685668945
India,IND,"Government expenditure on education, total (% of GDP)",SE.XPD.TOTL.GD.ZS,4.29335021972656
India,IND,GDP (current US$),NY.GDP.MKTP.CD,2674851578587.27
India,IND,GDP per capita (current US$),NY.GDP.PCAP.CD,1907.04251637669
India,IND,GDP growth (annual %),NY.GDP.MKTP.KD.ZG,-5.77772470686801
India,IND,"Inflation, consumer prices (annual %)",FP.CPI.TOTL.ZG,6.62343677628535
India,IND,"Unemployment, total (% of total labor force) (modeled ILO estimate)",SL.UEM.TOTL.ZS,7.859
India,IND,Exports of goods and services (% of GDP),NE.EXP.GNFS.ZS,18.6824769296756
India,IND,Imports of goods and services (% of GDP),NE.IMP.GNFS.ZS,19.0756283996012
India,IND,Individuals using the Internet (% of population),IT.NET.USER.ZS,43.4054
India,IND,Access to electricity (% of population),EG.ELC.ACCS.ZS,96.5
India,IND,Energy use (kg of oil equivalent per capita),EG.USE.PCAP.KG.OE,632.239828540427
India,IND,Carbon dioxide (CO2) emissions from Industrial Combustion (Energy) (Mt CO2e),EN.GHG.CO2.IC.MT.CE.AR5,516.7032
Pakistan,PAK,"Population, total",SP.POP.TOTL,235001746
Pakistan,PAK,Urban population,SP.URB.TOTL,88144500
Pakistan,PAK,"Life expectancy at birth, total (years)",SP.DYN.LE00.IN,65.701
Pakistan,PAK,"Mortality rate, infant (per 1,000 live births)",SP.DYN.IMRT.IN,55.1
Pakistan,PAK,"Fertility rate, total (births per woman)",SP.DYN.TFRT.IN,3.765
Pakistan,PAK,Current health expenditure (% of GDP),SH.XPD.CHEX.GD.ZS,2.95273018
Pakistan,PAK,"School enrollment, secondary (% gross)",SE.SEC.ENRR,..
Pakistan,PAK,"Primary completion rate, total (% of relevant age group)",SE.PRM.CMPT.ZS,..
Pakistan,PAK,"Government expenditure on education, total (% of GDP)",SE.XPD.TOTL.GD.ZS,2.05718240718423
Pakistan,PAK,GDP (current US$),NY.GDP.MKTP.CD,300425609817.981
Pakistan,PAK,GDP per capita (current US$),NY.GDP.PCAP.CD,1278.39735206896
Pakistan,PAK,GDP growth (annual %),NY.GDP.MKTP.KD.ZG,-1.27408744338709
Pakistan,PAK,"Inflation, consumer prices (annual %)",FP.CPI.TOTL.ZG,9.73999313898155
Pakistan,PAK,"Unemployment, total (% of total labor force) (modeled ILO estimate)",SL.UEM.TOTL.ZS,6.127
Pakistan,PAK,Exports of goods and services (% of GDP),NE.EXP.GNFS.ZS,9.29855944234725
Pakistan,PAK,Imports of goods and services (% of GDP),NE.IMP.GNFS.ZS,17.4177212905341
Pakistan,PAK,Individuals using the Internet (% of population),IT.NET.USER.ZS,18.9348
Pakistan,PAK,Access to electricity (% of population),EG.ELC.ACCS.ZS,94.5
Pakistan,PAK,Energy use (kg of oil equivalent per capita),EG.USE.PCAP.KG.OE,454.250317980901
Pakistan,PAK,Carbon dioxide (CO2) emissions from Industrial Combustion (Energy) (Mt CO2e),EN.GHG.CO2.IC.MT.CE.AR5,60.1786
Bangladesh,BGD,"Population, total",SP.POP.TOTL,166298024
Bangladesh,BGD,Urban population,SP.URB.TOTL,51746778
Bangladesh,BGD,"Life expectancy at birth, total (years)",SP.DYN.LE00.IN,71.421
Bangladesh,BGD,"Mortality rate, infant (per 1,000 live births)",SP.DYN.IMRT.IN,24.9
Bangladesh,BGD,"Fertility rate, total (births per woman)",SP.DYN.TFRT.IN,2.175
Bangladesh,BGD,Current health expenditure (% of GDP),SH.XPD.CHEX.GD.ZS,2.27063942
Bangladesh,BGD,"School enrollment, secondary (% gross)",SE.SEC.ENRR,66.4329548486639
Bangladesh,BGD,"Primary completion rate, total (% of relevant age group)",SE.PRM.CMPT.ZS,..
Bangladesh,BGD,"Government expenditure on education, total (% of GDP)",SE.XPD.TOTL.GD.ZS,2.13974351741877
Bangladesh,BGD,GDP (current US$),NY.GDP.MKTP.CD,373979442362.193
Bangladesh,BGD,GDP per capita (current US$),NY.GDP.PCAP.CD,2248.85078828233
Bangladesh,BGD,GDP growth (annual %),NY.GDP.MKTP.KD.ZG,3.44801755122445
Bangladesh,BGD,"Inflation, consumer prices (annual %)",FP.CPI.TOTL.ZG,5.69107474746211
Bangladesh,BGD,"Unemployment, total (% of total labor force) (modeled ILO estimate)",SL.UEM.TOTL.ZS,5.436
Bangladesh,BGD,Exports of goods and services (% of GDP),NE.EXP.GNFS.ZS,10.4427880616037
Bangladesh,BGD,Imports of goods and services (% of GDP),NE.IMP.GNFS.ZS,15.8286593146113
Bangladesh,BGD,Individuals using the Internet (% of population),IT.NET.USER.ZS,36.1091
Bangladesh,BGD,Access to electricity (% of population),EG.ELC.ACCS.ZS,96.2
Bangladesh,BGD,Energy use (kg of oil equivalent per capita),EG.USE.PCAP.KG.OE,272.076572071717
Bangladesh,BGD,Carbon dioxide (CO2) emissions from Industrial Combustion (Energy) (Mt CO2e),EN.GHG.CO2.IC.MT.CE.AR5,18.014
Sri Lanka,LKA,"Population, total",SP.POP.TOTL,21919000
Sri Lanka,LKA,Urban population,SP.URB.TOTL,4309755
Sri Lanka,LKA,"Life expectancy at birth, total (years)",SP.DYN.LE00.IN,76.928
Sri Lanka,LKA,"Mortality rate, infant (per 1,000 live births)",SP.DYN.IMRT.IN,6
Sri Lanka,LKA,"Fertility rate, total (births per woman)",SP.DYN.TFRT.IN,2.007
Sri Lanka,LKA,Current health expenditure (% of GDP),SH.XPD.CHEX.GD.ZS,4.06134748
Sri Lanka,LKA,"School enrollment, secondary (% gross)",SE.SEC.ENRR,..
Sri Lanka,LKA,"Primary completion rate, total (% of relevant age group)",SE.PRM.CMPT.ZS,93.5215528356842
Sri Lanka,LKA,"Government expenditure on education, total (% of GDP)",SE.XPD.TOTL.GD.ZS,1.55792392223723
Sri Lanka,LKA,GDP (current US$),NY.GDP.MKTP.CD,84335574581.5072
Sri Lanka,LKA,GDP per capita (current US$),NY.GDP.PCAP.CD,3847.60137695639
Sri Lanka,LKA,GDP growth (annual %),NY.GDP.MKTP.KD.ZG,-4.62451503749502
Sri Lanka,LKA,"Inflation, consumer prices (annual %)",FP.CPI.TOTL.ZG,6.15394508391738
Sri Lanka,LKA,"Unemployment, total (% of total labor force) (modeled ILO estimate)",SL.UEM.TOTL.ZS,5.364
Sri Lanka,LKA,Exports of goods and services (% of GDP),NE.EXP.GNFS.ZS,15.4576399173458
Sri Lanka,LKA,Imports of goods and services (% of GDP),NE.IMP.GNFS.ZS,21.6314789399461
Sri Lanka,LKA,Individuals using the Internet (% of population),IT.NET.USER.ZS,36.1847
Sri Lanka,LKA,Access to electricity (% of population),EG.ELC.ACCS.ZS,100
Sri Lanka,LKA,Energy use (kg of oil equivalent per capita),EG.USE.PCAP.KG.OE,511.066363818929
Sri Lanka,LKA,Carbon dioxide (CO2) emissions from Industrial Combustion (Energy) (Mt CO2e),EN.GHG.CO2.IC.MT.CE.AR5,0.7648
China,CHN,"Population, total",SP.POP.TOTL,1411100000
China,CHN,Urban population,SP.URB.TOTL,896379022
China,CHN,"Life expectancy at birth, total (years)",SP.DYN.LE00.IN,78.019
China,CHN,"Mortality rate, infant (per 1,000 live births)",SP.DYN.IMRT.IN,5.5
China,CHN,"Fertility rate, total (births per woman)",SP.DYN.TFRT.IN,1.236
China,CHN,Current health expenditure (% of GDP),SH.XPD.CHEX.GD.ZS,5.59359741
China,CHN,"School enrollment, secondary (% gross)",SE.SEC.ENRR,..
China,CHN,"Primary completion rate, total (% of relevant age group)",SE.PRM.CMPT.ZS,..
China,CHN,"Government expenditure on education, total (% of GDP)",SE.XPD.TOTL.GD.ZS,..
China,CHN,GDP (current US$),NY.GDP.MKTP.CD,14996414166715.1
China,CHN,GDP per capita (current US$),NY.GDP.PCAP.CD,10627.4637989619
China,CHN,GDP growth (annual %),NY.GDP.MKTP.KD.ZG,2.34018843078414
China,CHN,"Inflation, consumer prices (annual %)",FP.CPI.TOTL.ZG,2.41942189457782
China,CHN,"Unemployment, total (% of total labor force) (modeled ILO estimate)",SL.UEM.TOTL.ZS,5
China,CHN,Exports of goods and services (% of GDP),NE.EXP.GNFS.ZS,18.2035821684822
China,CHN,Imports of goods and services (% of GDP),NE.IMP.GNFS.ZS,15.8353686179759
China,CHN,Individuals using the Internet (% of population),IT.NET.USER.ZS,70.0528
China,CHN,Access to electricity (% of population),EG.ELC.ACCS.ZS,100
China,CHN,Energy use (kg of oil equivalent per capita),EG.USE.PCAP.KG.OE,2465.96954605987
China,CHN,Carbon dioxide (CO2) emissions from Industrial Combustion (Energy) (Mt CO2e),EN.GHG.CO2.IC.MT.CE.AR5,2804.1148
Japan,JPN,"Population, total",SP.POP.TOTL,126261000
Japan,JPN,Urban population,SP.URB.TOTL,115883599
Japan,JPN,"Life expectancy at birth, total (years)",SP.DYN.LE00.IN,84.56
Japan,JPN,"Mortality rate, infant (per 1,000 live births)",SP.DYN.IMRT.IN,1.8
Japan,JPN,"Fertility rate, total (births per woman)",SP.DYN.TFRT.IN,1.33
Japan,JPN,Current health expenditure (% of GDP),SH.XPD.CHEX.GD.ZS,11.20903683
Japan,JPN,"School enrollment, secondary (% gross)",SE.SEC.ENRR,102.844802856445
Japan,JPN,"Primary completion rate, total (% of relevant age group)",SE.PRM.CMPT.ZS,..
Japan,JPN,"Government expenditure on education, total (% of GDP)",SE.XPD.TOTL.GD.ZS,3.30628991127014
Japan,JPN,GDP (current US$),NY.GDP.MKTP.CD,5054068005376.28
Japan,JPN,GDP per capita (current US$),NY.GDP.PCAP.CD,40028.7341726762
Japan,JPN,GDP growth (annual %),NY.GDP.MKTP.KD.ZG,-4.16876457146743
Japan,JPN,"Inflation, consumer prices (annual %)",FP.CPI.TOTL.ZG,-0.024995834027731
Japan,JPN,"Unemployment, total (% of total labor force) (modeled ILO estimate)",SL.UEM.TOTL.ZS,2.809
Japan,JPN,Exports of goods and services (% of GDP),NE.EXP.GNFS.ZS,15.5331828643222
Japan,JPN,Imports of goods and services (% of GDP),NE.IMP.GNFS.ZS,15.8020257724508
Japan,JPN,Individuals using the Internet (% of population),IT.NET.USER.ZS,90.2195
Japan,JPN,Access to electricity (% of population),EG.ELC.ACCS.ZS,100
Japan,JPN,Energy use (kg of oil equivalent per capita),EG.USE.PCAP.KG.OE,3046.85480668859
Japan,JPN,Carbon dioxide (CO2) emissions from Industrial Combustion (Energy) (Mt CO2e),EN.GHG.CO2.IC.MT.CE.AR5,170.2292
Indonesia,IDN,"Population, total",SP.POP.TOTL,274814866
Indonesia,IDN,Urban population,SP.URB.TOTL,154661763
Indonesia,IDN,"Life expectancy at birth, total (years)",SP.DYN.LE00.IN,68.817
Indonesia,IDN,"Mortality rate, infant (per 1,000 live births)",SP.DYN.IMRT.IN,18.6
Indonesia,IDN,"Fertility rate, total (births per woman)",SP.DYN.TFRT.IN,2.189
Indonesia,IDN,Current health expenditure (% of GDP),SH.XPD.CHEX.GD.ZS,3.42067289
Indonesia,IDN,"School enrollment, secondary (% gross)",SE.SEC.ENRR,96.9345779132931
Indonesia,IDN,"Primary completion rate, total (% of relevant age group)",SE.PRM.CMPT.ZS,102.119707703437
Indonesia,IDN,"Government expenditure on education, total (% of GDP)",SE.XPD.TOTL.GD.ZS,1.01593221347809
Indonesia,IDN,GDP (current US$),NY.GDP.MKTP.CD,1059054842698.48
Indonesia,IDN,GDP per capita (current US$),NY.GDP.PCAP.CD,3853.70288774146
Indonesia,IDN,GDP growth (annual %),NY.GDP.MKTP.KD.ZG,-2.06551182934165
Indonesia,IDN,"Inflation, consumer prices (annual %)",FP.CPI.TOTL.ZG,1.91983527270793
Indonesia,IDN,"Unemployment, total (% of total labor force) (modeled ILO estimate)",SL.UEM.TOTL.ZS,4.255
Indonesia,IDN,Exports of goods and services (% of GDP),NE.EXP.GNFS.ZS,17.3311682848923
Indonesia,IDN,Imports of goods and services (% of GDP),NE.IMP.GNFS.ZS,15.6410071153504
Indonesia,IDN,Individuals using the Internet (% of population),IT.NET.USER.ZS,53.7265
Indonesia,IDN,Access to electricity (% of population),EG.ELC.ACCS.ZS,97
Indonesia,IDN,Energy use (kg of oil equivalent per capita),EG.USE.PCAP.KG.OE,848.436766186593
Indonesia,IDN,Carbon dioxide (CO2) emissions from Industrial Combustion (Energy) (Mt CO2e),EN.GHG.CO2.IC.MT.CE.AR5,131.0556
Australia,AUS,"Population, total",SP.POP.TOTL,25649248
Australia,AUS,Urban population,SP.URB.TOTL,22384444
Australia,AUS,"Life expectancy at birth, total (years)",SP.DYN.LE00.IN,83.2
Australia,AUS,"Mortality rate, infant (per 1,000 live births)",SP.DYN.IMRT.IN,3.2
Australia,AUS,"Fertility rate, total (births per woman)",SP.DYN.TFRT.IN,1.581
Australia,AUS,Current health expenditure (% of GDP),SH.XPD.CHEX.GD.ZS,10.66040134
Australia,AUS,"School enrollment, secondary (% gross)",SE.SEC.ENRR,137.490737915039
Australia,AUS,"Primary completion rate, total (% of relevant age group)",SE.PRM.CMPT.ZS,..
Australia,AUS,"Government expenditure on education, total (% of GDP)",SE.XPD.TOTL.GD.ZS,5.38625001907349
Australia,AUS,GDP (current US$),NY.GDP.MKTP.CD,1333336461648.09
Australia,AUS,GDP per capita (current US$),NY.GDP.PCAP.CD,51983.4523666382
Australia,AUS,GDP growth (annual %),NY.GDP.MKTP.KD.ZG,-0.133531904304775
Australia,AUS,"Inflation, consumer prices (annual %)",FP.CPI.TOTL.ZG,0.846905537459305
Australia,AUS,"Unemployment, total (% of total labor force) (modeled ILO estimate)",SL.UEM.TOTL.ZS,6.456
Australia,AUS,Exports of goods and services (% of GDP),NE.EXP.GNFS.ZS,23.9380373915413
Australia,AUS,Imports of goods and services (% of GDP),NE.IMP.GNFS.ZS,20.5615267123377
Australia,AUS,Individuals using the Internet (% of population),IT.NET.USER.ZS,94.6935
Australia,AUS,Access to electricity (% of population),EG.ELC.ACCS.ZS,100
Australia,AUS,Energy use (kg of oil equivalent per capita),EG.USE.PCAP.KG.OE,5159.03638381788
Australia,AUS,Carbon dioxide (CO2) emissions from Industrial Combustion (Energy) (Mt CO2e),EN.GHG.CO2.IC.MT.CE.AR5,38.9661
,,,,
,,,,
,,,,
Data from database: World Development Indicators,,,,
Last Updated: 12/19/2025,,,,
